year,event_id,station_wind_mph,ground_up_loss_usd
1,E000001,24.9,1182386.68
3,E000002,18.8,0.0
5,E000003,26.6,0.0
5,E000004,44.7,1104934.59
6,E000005,43.2,0.0
7,E000006,21.2,1129565.63
8,E000007,29.6,0.0
9,E000009,17.5,1029105.09
9,E000008,32.4,567425.64
11,E000010,14.5,0.0
11,E000011,39.3,0.0
11,E000012,25.1,0.0
12,E000013,31.7,0.0
13,E000014,20.5,0.0
14,E000016,30.8,0.0
14,E000015,62.5,2434262.51
19,E000017,34.3,3713039.8
23,E000018,31.6,0.0
23,E000019,44.1,348924.59
24,E000020,14.1,491935.3
25,E000021,31.0,0.0
25,E000022,55.4,0.0
26,E000023,23.0,0.0
26,E000024,19.3,0.0
27,E000027,10.9,605164.46
27,E000025,26.2,0.0
27,E000026,20.5,0.0
29,E000029,29.5,0.0
29,E000028,37.4,3030458.2
29,E000030,49.0,0.0
35,E000031,70.1,5695535.79
35,E000032,30.5,0.0
37,E000033,31.6,0.0
38,E000034,30.8,931003.27
39,E000035,26.0,1288437.7
42,E000036,23.2,3693771.3
43,E000038,28.0,527311.89
43,E000037,20.4,0.0
44,E000040,22.1,0.0
44,E000039,44.4,0.0
45,E000041,106.2,38579496.54
46,E000042,37.8,240033.5
48,E000044,11.9,0.0
48,E000043,28.5,0.0
49,E000045,54.0,14854454.99
50,E000046,40.3,944392.77
51,E000047,10.1,0.0
51,E000049,17.1,0.0
51,E000048,27.0,1852086.35
55,E000050,33.6,3352911.74
56,E000052,37.2,2275528.3
56,E000051,26.9,2048010.09
57,E000054,63.8,7048118.14
57,E000055,21.9,3648626.78
57,E000053,44.1,0.0
57,E000056,26.9,0.0
60,E000057,12.3,2785774.47
61,E000058,46.9,7166313.27
63,E000060,53.3,0.0
63,E000059,16.5,0.0
64,E000061,14.5,1025129.43
65,E000062,85.8,255175.92
67,E000063,30.8,0.0
68,E000064,21.5,0.0
75,E000065,16.0,0.0
76,E000066,44.9,14879343.28
80,E000067,8.1,0.0
84,E000068,45.4,20781358.85
86,E000070,32.6,1386120.2
86,E000069,24.0,0.0
89,E000071,18.6,0.0
90,E000072,24.3,364927.97
91,E000074,13.4,0.0
91,E000073,14.3,0.0
93,E000075,25.0,0.0
95,E000076,17.3,0.0
96,E000077,34.2,0.0
97,E000078,24.2,0.0
98,E000080,99.2,13280137.78
98,E000079,54.3,3240352.28
99,E000081,20.5,2571107.32
104,E000082,9.3,0.0
105,E000084,36.9,0.0
105,E000083,31.8,0.0
112,E000085,22.9,0.0
113,E000086,76.1,16520529.54
114,E000087,23.5,2356025.9
115,E000088,10.6,0.0
116,E000089,28.4,0.0
121,E000090,25.9,580912.97
121,E000091,16.5,427325.41
123,E000092,70.6,12647276.98
124,E000094,57.8,7369459.45
124,E000093,38.9,0.0
125,E000095,76.9,15771145.3
126,E000096,6.8,0.0
127,E000097,74.3,11603938.0
127,E000098,37.7,0.0
128,E000099,33.2,3261482.81
128,E000100,7.8,0.0
129,E000101,11.4,0.0
130,E000102,76.3,2603361.58
132,E000103,17.0,0.0
133,E000104,17.8,0.0
133,E000105,33.1,1996951.08
134,E000106,45.4,34935386.0
134,E000108,77.7,4179023.55
134,E000107,60.4,16365972.66
136,E000109,39.9,12028704.02
137,E000110,30.8,3297989.87
138,E000111,20.6,0.0
140,E000112,42.7,3995889.84
143,E000113,50.2,1134977.17
143,E000115,19.3,0.0
143,E000114,21.8,0.0
144,E000116,14.0,0.0
145,E000117,75.4,18379408.69
147,E000118,69.3,9774728.17
148,E000119,30.0,0.0
151,E000121,33.6,0.0
151,E000120,75.5,10901423.47
154,E000122,11.1,1002910.62
155,E000123,55.3,27514952.72
156,E000125,52.3,8086607.34
156,E000124,12.0,0.0
158,E000126,28.0,4062101.1
159,E000127,18.2,453316.13
160,E000128,59.3,3199226.28
160,E000129,30.4,0.0
164,E000130,8.6,0.0
164,E000131,66.2,11214024.26
165,E000132,5.6,0.0
166,E000133,47.5,5965291.9
169,E000135,23.2,742551.97
169,E000134,88.5,4857175.77
171,E000136,34.9,2182103.39
172,E000137,55.1,484506.71
172,E000138,37.5,0.0
177,E000139,26.3,751700.5
178,E000140,23.8,0.0
179,E000141,21.7,0.0
180,E000142,49.3,19516371.29
182,E000143,31.2,0.0
183,E000144,51.5,13185109.71
185,E000145,64.8,5628722.43
186,E000146,22.1,0.0
187,E000148,30.8,0.0
187,E000147,18.8,550238.86
187,E000149,52.1,0.0
188,E000150,59.9,1936662.23
190,E000151,39.9,2295553.87
192,E000152,18.0,2165435.39
194,E000153,26.2,0.0
195,E000154,36.7,0.0
196,E000155,20.1,1264809.67
198,E000157,22.0,0.0
198,E000158,25.2,881323.89
198,E000156,65.1,1249940.4
201,E000159,21.4,1319587.46
202,E000161,4.5,0.0
202,E000160,22.7,2402303.46
204,E000162,32.7,0.0
206,E000163,26.6,0.0
207,E000164,39.9,0.0
211,E000165,33.5,0.0
213,E000167,26.3,0.0
213,E000166,29.8,0.0
215,E000168,10.2,518782.36
217,E000169,21.3,293020.15
220,E000170,57.3,1705015.92
225,E000171,36.2,0.0
232,E000172,38.1,3494236.1
235,E000173,57.3,12055411.76
238,E000174,41.2,7560896.2
241,E000175,101.1,32914413.69
245,E000176,28.0,1383344.18
245,E000177,16.8,0.0
247,E000178,24.1,922399.45
248,E000179,16.2,0.0
251,E000180,37.1,916311.93
251,E000181,39.3,891616.52
254,E000184,17.1,0.0
254,E000182,35.4,1999207.83
254,E000183,19.7,0.0
255,E000185,15.0,0.0
255,E000186,63.1,3291547.43
256,E000187,18.6,620705.8
257,E000188,22.5,0.0
257,E000189,41.2,5765918.49
260,E000190,9.3,0.0
261,E000195,42.5,2418480.35
261,E000193,32.7,569246.82
261,E000194,25.0,0.0
261,E000191,7.7,0.0
261,E000192,58.9,36908700.76
262,E000196,24.8,634574.03
265,E000197,75.0,1953419.64
271,E000198,54.2,2697544.81
272,E000199,52.1,380036.99
273,E000200,6.9,0.0
274,E000201,63.9,232182.78
274,E000202,80.9,2186548.7
274,E000203,19.3,564946.51
276,E000204,51.9,18575731.81
277,E000206,37.8,0.0
277,E000205,102.3,15944614.34
278,E000207,52.8,1647116.42
279,E000208,16.7,564419.55
280,E000209,27.7,0.0
287,E000211,23.5,0.0
287,E000210,30.4,2349529.44
288,E000212,13.1,0.0
289,E000213,26.7,0.0
291,E000214,66.8,1845876.61
291,E000215,48.2,13849222.8
292,E000216,65.3,4374332.04
294,E000217,29.7,874227.84
295,E000218,20.7,0.0
296,E000219,45.5,944433.37
300,E000220,10.4,0.0
301,E000221,17.3,1614674.22
303,E000222,29.7,2523081.84
303,E000223,15.0,0.0
305,E000224,33.7,4621114.13
307,E000225,22.4,3818941.13
308,E000227,42.7,202101.31
308,E000226,52.8,0.0
309,E000228,19.0,0.0
310,E000229,47.2,5954613.16
313,E000230,64.2,2457855.54
315,E000231,11.6,0.0
317,E000232,12.1,0.0
318,E000233,21.6,876467.45
318,E000234,54.0,481644.51
319,E000235,11.7,0.0
319,E000236,24.0,0.0
320,E000237,11.3,0.0
321,E000238,16.2,521326.45
321,E000239,32.7,0.0
325,E000240,23.4,486545.48
326,E000241,35.9,0.0
327,E000242,80.0,4030017.69
328,E000244,25.5,1792042.38
328,E000243,22.9,0.0
330,E000245,88.9,2150018.26
331,E000247,60.7,1592948.89
331,E000246,53.1,4314770.85
331,E000248,51.2,0.0
332,E000249,42.2,4259512.31
336,E000250,18.2,0.0
339,E000251,62.7,5248370.33
341,E000252,36.6,1720153.07
342,E000253,23.9,0.0
343,E000256,84.7,4502860.22
343,E000254,54.5,36708218.76
343,E000255,18.1,0.0
345,E000257,6.9,0.0
348,E000258,7.7,0.0
350,E000259,71.8,1648623.66
351,E000260,36.2,0.0
351,E000261,26.0,814865.6
352,E000262,10.7,1000282.89
353,E000263,18.8,0.0
355,E000264,41.1,3112266.81
358,E000265,28.5,3390095.03
360,E000267,23.8,0.0
360,E000266,16.0,0.0
370,E000268,25.3,13449702.71
372,E000269,36.6,1246402.57
373,E000270,17.6,1051970.68
374,E000271,18.5,0.0
375,E000272,12.3,0.0
377,E000273,20.1,0.0
378,E000275,43.8,494969.56
378,E000274,10.1,0.0
379,E000276,19.2,586785.5
380,E000277,49.9,10292228.07
383,E000278,25.7,310868.92
387,E000279,67.4,1120014.91
388,E000280,,1795522.25
388,E000281,23.6,0.0
390,E000282,17.4,0.0
391,E000283,25.6,0.0
393,E000284,66.9,6584737.57
395,E000285,25.5,472055.39
397,E000286,39.3,2016833.57
397,E000287,9.8,0.0
399,E000288,112.4,24237195.68
405,E000289,32.9,0.0
406,E000290,42.8,13721583.45
407,E000291,23.0,507214.16
408,E000292,24.0,1907607.02
409,E000293,24.0,0.0
411,E000295,10.9,0.0
411,E000294,37.3,2140316.65
412,E000296,74.5,7272329.68
413,E000297,25.2,505325.08
414,E000298,51.3,1660246.26
415,E000299,22.6,2112578.63
417,E000300,26.7,3007628.45
418,E000301,39.4,740410.11
420,E000302,39.8,1860367.35
420,E000303,38.2,224768.63
421,E000304,34.1,4620861.04
424,E000305,24.1,0.0
425,E000306,25.8,390676.54
428,E000307,33.9,0.0
431,E000308,21.7,0.0
433,E000310,75.0,17427301.11
433,E000309,31.0,460383.17
434,E000312,39.0,8990723.79
434,E000311,34.3,10790379.82
435,E000313,29.0,0.0
436,E000315,42.0,0.0
436,E000314,38.4,1099521.58
437,E000316,30.2,2787121.68
438,E000318,24.9,0.0
438,E000317,38.7,9060386.71
440,E000319,34.3,2272501.97
440,E000320,15.2,0.0
441,E000321,40.8,12482850.05
441,E000322,20.7,3552012.14
444,E000323,17.4,1305503.69
445,E000326,35.3,4274777.7
445,E000325,56.0,12316369.95
445,E000324,18.2,0.0
446,E000327,7.5,0.0
448,E000328,30.1,0.0
449,E000329,17.4,0.0
449,E000330,35.8,12948129.05
450,E000331,40.4,0.0
451,E000333,93.7,46245201.71
451,E000334,61.6,1763244.64
451,E000332,13.5,1797218.77
452,E000335,36.4,2093389.52
452,E000337,14.9,0.0
452,E000339,37.5,1452177.17
452,E000336,28.1,0.0
452,E000338,65.5,1554080.93
458,E000340,11.9,0.0
459,E000341,35.1,0.0
459,E000342,38.7,3869018.26
464,E000343,38.2,332493.98
465,E000346,40.5,989170.3
465,E000345,24.1,813073.73
465,E000347,53.6,0.0
465,E000344,69.1,2466113.85
466,E000348,38.5,0.0
467,E000349,46.9,0.0
469,E000350,62.7,28050254.46
470,E000351,7.8,0.0
472,E000352,48.0,1199098.55
473,E000353,6.8,0.0
474,E000354,40.5,0.0
475,E000356,22.0,0.0
475,E000355,30.2,0.0
476,E000357,42.2,1525429.71
477,E000358,57.7,0.0
480,E000359,27.8,0.0
481,E000360,41.0,0.0
488,E000361,23.7,910824.69
490,E000362,31.0,3393643.56
491,E000363,16.3,0.0
492,E000364,50.3,0.0
495,E000365,31.2,0.0
496,E000366,8.6,0.0
497,E000367,35.7,0.0
499,E000369,44.5,0.0
499,E000370,46.6,0.0
499,E000368,10.0,0.0
501,E000371,19.6,0.0
503,E000372,31.0,3205583.85
515,E000373,57.4,1232302.88
515,E000374,122.8,21597953.1
518,E000375,38.1,0.0
518,E000376,84.6,42265908.94
519,E000378,25.5,0.0
519,E000377,52.8,2533931.1
523,E000379,33.7,0.0
525,E000380,17.3,0.0
526,E000382,50.5,1053893.42
526,E000381,34.1,1076384.82
528,E000384,37.2,0.0
528,E000383,52.4,333909.54
529,E000385,30.6,0.0
532,E000386,23.7,0.0
535,E000387,42.0,2770568.75
538,E000388,23.3,0.0
539,E000389,30.1,1116411.78
540,E000390,24.4,2148756.29
540,E000391,69.0,0.0
541,E000392,43.3,0.0
542,E000393,74.3,2709757.06
543,E000394,54.4,246042.03
545,E000395,14.2,0.0
547,E000396,47.6,274620.84
551,E000398,24.5,0.0
551,E000397,15.1,0.0
552,E000399,47.9,2012252.56
552,E000400,15.0,0.0
556,E000401,26.6,0.0
556,E000402,35.5,1884502.1
557,E000403,20.1,0.0
558,E000404,70.1,12023351.61
561,E000405,40.2,6276838.88
563,E000406,35.5,0.0
565,E000407,42.5,16389617.43
567,E000408,12.9,2991843.76
568,E000410,11.7,0.0
568,E000409,31.1,605849.12
570,E000411,20.1,0.0
570,E000412,9.0,0.0
572,E000413,17.2,0.0
574,E000414,102.8,17430914.15
575,E000415,25.6,993482.55
577,E000416,58.0,11340384.0
580,E000417,17.7,0.0
582,E000419,61.1,
582,E000418,20.1,604793.71
585,E000420,22.1,0.0
586,E000422,22.5,5064412.77
586,E000421,13.1,1720017.75
587,E000423,33.0,2796825.67
593,E000424,41.0,1001507.31
594,E000426,44.8,344370.26
594,E000425,26.1,0.0
595,E000427,18.6,0.0
596,E000428,51.0,4318059.52
597,E000429,89.2,14583523.36
597,E000430,45.4,4083815.0
598,E000431,10.2,0.0
603,E000432,41.2,0.0
604,E000433,12.3,0.0
608,E000434,85.8,46348872.58
608,E000435,82.3,4900977.0
609,E000436,26.4,0.0
609,E000437,29.7,0.0
610,E000440,53.6,3847637.49
610,E000439,72.2,5790256.79
610,E000438,19.3,2579655.41
611,E000441,23.4,0.0
613,E000442,36.5,0.0
615,E000443,68.7,2345549.87
616,E000446,35.5,0.0
616,E000445,48.3,0.0
616,E000444,16.7,755223.0
617,E000447,16.0,890035.86
617,E000448,25.4,0.0
618,E000449,18.2,838798.64
620,E000450,12.2,0.0
623,E000451,43.0,4771065.59
626,E000453,17.9,0.0
626,E000452,22.2,2358164.31
628,E000454,18.1,0.0
628,E000455,46.2,0.0
631,E000457,62.5,1655112.79
631,E000456,21.4,0.0
634,E000458,47.9,863511.45
636,E000459,17.4,0.0
637,E000460,44.7,2125888.78
640,E000461,18.5,0.0
643,E000462,22.1,0.0
644,E000464,14.8,2257986.44
644,E000463,21.3,0.0
647,E000465,22.2,1663896.95
648,E000466,15.5,0.0
649,E000467,20.1,0.0
650,E000468,59.7,353824.34
655,E000469,19.5,460793.64
656,E000471,76.7,31290892.83
656,E000470,17.6,0.0
657,E000472,39.5,0.0
657,E000473,52.0,0.0
659,E000474,24.9,0.0
661,E000475,15.9,0.0
661,E000476,41.1,0.0
662,E000477,28.1,1651676.72
668,E000478,25.7,0.0
671,E000479,24.9,420319.11
672,E000480,24.8,531731.41
677,E000481,29.7,0.0
679,E000482,57.2,290701.7
680,E000484,24.0,0.0
680,E000483,43.9,0.0
681,E000487,6.1,0.0
681,E000485,37.1,332500.81
681,E000486,20.9,0.0
684,E000488,46.3,1348536.43
686,E000489,50.4,0.0
687,E000490,34.4,689412.55
689,E000491,17.0,612396.79
692,E000492,47.2,4883128.15
694,E000493,14.1,456783.28
696,E000494,31.7,0.0
697,E000495,35.5,8838670.05
702,E000496,28.1,0.0
702,E000498,16.1,0.0
702,E000497,17.0,520378.3
703,E000499,25.4,0.0
707,E000500,26.3,0.0
708,E000501,20.3,0.0
713,E000503,33.0,0.0
713,E000502,63.2,19684251.63
715,E000505,31.9,0.0
715,E000504,28.7,0.0
718,E000507,27.8,875213.22
718,E000506,37.7,0.0
720,E000508,33.8,847124.08
722,E000509,74.4,38182804.32
722,E000510,26.3,0.0
723,E000511,68.5,24425331.66
723,E000512,18.5,0.0
723,E000513,130.7,22341524.0
724,E000514,32.7,512257.25
726,E000515,18.5,733100.26
727,E000517,65.8,426041.34
727,E000516,31.2,8135996.79
731,E000518,73.6,1757454.8
733,E000519,41.5,0.0
735,E000520,59.7,219024.61
739,E000521,26.3,279801.46
740,E000522,12.1,0.0
743,E000523,32.6,1399539.3
743,E000524,62.5,8520933.29
745,E000525,41.9,7226202.09
748,E000526,19.2,0.0
751,E000528,28.2,0.0
751,E000529,56.1,9795954.44
751,E000527,25.5,0.0
752,E000530,36.5,3636751.76
755,E000531,38.1,0.0
757,E000532,56.8,8258197.65
757,E000533,25.0,0.0
758,E000534,99.8,2300807.47
759,E000535,30.2,0.0
762,E000536,56.7,1785485.61
766,E000537,10.8,0.0
766,E000538,19.8,0.0
767,E000539,27.3,469488.01
769,E000542,54.0,6034183.99
769,E000541,29.3,0.0
769,E000540,42.2,975446.78
774,E000543,19.0,2831443.49
775,E000544,43.9,3821416.13
776,E000545,32.3,0.0
778,E000546,69.7,3748602.14
780,E000547,48.9,0.0
781,E000548,24.4,3616341.1
781,E000549,30.2,5673610.98
786,E000551,50.2,560858.35
786,E000550,57.9,8624126.02
788,E000552,37.3,259999.32
790,E000553,43.8,0.0
791,E000554,78.1,4092457.39
792,E000555,39.0,0.0
795,E000557,32.4,311816.89
795,E000556,28.8,4149213.6
796,E000559,16.6,0.0
796,E000558,17.8,0.0
799,E000560,92.8,12709319.46
802,E000562,34.2,1035228.53
802,E000563,38.8,0.0
802,E000561,25.1,0.0
807,E000564,46.0,4099646.76
810,E000565,10.0,0.0
810,E000566,40.1,2927132.49
810,E000567,65.4,8937020.35
813,E000568,22.3,0.0
814,E000570,54.0,35021659.65
814,E000569,126.9,8278138.22
817,E000572,45.9,0.0
817,E000571,36.6,3556733.8
818,E000573,13.1,522237.32
821,E000574,41.6,8907205.66
825,E000575,75.7,2186756.77
826,E000577,78.0,12876108.12
826,E000576,46.9,770012.31
829,E000579,61.5,2573137.69
829,E000578,73.1,37190385.33
831,E000580,9.5,0.0
832,E000581,19.1,2666128.22
834,E000582,50.4,0.0
837,E000583,16.8,0.0
839,E000584,34.3,0.0
841,E000585,14.5,0.0
842,E000587,35.4,2065064.0
842,E000586,39.7,1887221.06
845,E000588,17.8,0.0
846,E000589,36.7,0.0
846,E000590,34.0,1762069.28
848,E000591,14.0,0.0
848,E000592,79.5,5480383.21
849,E000593,16.9,0.0
850,E000594,18.0,0.0
851,E000595,10.7,0.0
851,E000596,53.3,0.0
853,E000597,23.2,469275.79
853,E000598,21.5,0.0
854,E000600,43.3,1140955.25
854,E000599,45.5,3670539.22
855,E000601,74.8,6029683.02
855,E000602,17.8,0.0
856,E000604,14.0,0.0
856,E000603,23.0,0.0
857,E000605,34.2,932052.2
860,E000606,72.2,8850269.2
862,E000607,42.5,8122963.19
863,E000608,62.6,232953.83
863,E000609,55.1,58608313.53
864,E000610,105.9,3422376.84
865,E000611,15.0,649190.46
865,E000612,13.8,0.0
866,E000613,9.4,0.0
866,E000614,18.7,789892.71
869,E000615,16.9,0.0
871,E000616,42.5,7844331.4
874,E000617,65.6,23100700.0
878,E000622,18.8,0.0
878,E000618,45.7,3842876.11
878,E000620,61.5,10312756.93
878,E000621,12.2,0.0
878,E000619,22.5,0.0
879,E000624,29.2,687085.02
879,E000623,67.5,10401359.56
882,E000626,18.2,0.0
882,E000625,14.1,418182.34
883,E000627,53.9,378891.56
883,E000628,60.8,2614818.85
883,E000629,23.0,0.0
884,E000630,61.2,0.0
886,E000632,31.5,0.0
886,E000634,19.5,0.0
886,E000633,31.0,803682.93
886,E000631,62.0,219623.34
887,E000636,72.2,4654928.79
887,E000635,32.2,2473396.87
888,E000638,45.8,254222.54
888,E000637,23.2,887278.26
889,E000639,17.4,0.0
890,E000640,20.9,0.0
894,E000641,36.9,0.0
894,E000642,49.4,5178198.85
900,E000643,33.5,1920586.59
903,E000644,16.3,0.0
904,E000645,26.7,0.0
905,E000646,65.4,27108425.29
907,E000647,52.6,255935.28
907,E000648,22.8,0.0
911,E000650,28.6,0.0
911,E000649,17.1,0.0
912,E000651,67.2,2364352.93
915,E000652,9.7,0.0
917,E000653,21.3,0.0
918,E000654,23.5,0.0
919,E000655,63.7,3523048.1
920,E000656,39.9,0.0
922,E000657,32.3,2332695.44
923,E000659,59.1,31530012.55
923,E000658,28.6,3435490.0
924,E000661,11.9,0.0
924,E000660,29.1,0.0
925,E000662,16.1,0.0
928,E000663,33.5,3386151.0
929,E000664,26.3,6387196.3
929,E000665,38.1,0.0
930,E000666,11.3,0.0
931,E000668,15.2,0.0
931,E000667,41.3,11647781.94
932,E000669,30.3,645686.25
932,E000670,27.8,0.0
933,E000671,40.5,3766018.38
934,E000672,24.9,0.0
937,E000673,51.8,7559128.58
938,E000674,38.0,0.0
939,E000675,38.8,0.0
941,E000676,10.0,478457.94
943,E000677,37.5,3320224.96
944,E000679,8.4,0.0
944,E000678,8.5,0.0
946,E000680,24.8,0.0
947,E000681,108.2,14883251.91
948,E000682,32.0,0.0
948,E000683,48.1,2312057.57
954,E000684,67.2,23365953.65
962,E000685,50.9,2967612.9
962,E000686,9.2,0.0
965,E000687,38.4,6337294.98
966,E000688,39.0,1117968.48
966,E000689,45.8,1059509.34
969,E000690,35.3,3542753.38
970,E000691,45.4,10120339.53
972,E000692,8.7,0.0
973,E000693,32.6,0.0
974,E000695,25.1,0.0
974,E000694,65.0,14157838.74
976,E000696,56.0,4538777.32
978,E000697,34.5,1012292.19
982,E000699,70.5,9669277.49
982,E000698,91.0,23831604.01
983,E000700,73.0,7987654.98
985,E000701,23.6,1928668.53
990,E000702,46.1,827537.82
991,E000703,14.8,0.0
991,E000704,10.1,0.0
994,E000705,23.0,0.0
995,E000706,15.3,0.0
996,E000707,22.8,0.0
997,E000708,73.8,2068118.08
998,E000709,43.0,0.0
999,E000711,55.7,243014.42
999,E000710,22.5,943543.26
1002,E000712,8.7,0.0
1004,E000713,38.7,2819267.0
1005,E000714,39.4,6246830.22
1005,E000716,47.2,0.0
1005,E000715,69.8,1145804.15
1012,E000717,55.6,1900403.4
1012,E000718,41.7,0.0
1015,E000719,14.1,0.0
1016,E000722,36.8,2167875.45
1016,E000721,35.0,0.0
1016,E000720,43.5,0.0
1017,E000723,39.0,0.0
1017,E000724,31.6,6046613.22
1017,E000725,45.1,1371382.03
1018,E000726,64.1,29186705.95
1019,E000728,15.0,0.0
1019,E000727,20.5,0.0
1020,E000729,36.4,0.0
1021,E000730,14.2,0.0
1022,E000731,17.1,0.0
1022,E000732,53.4,9549706.51
1024,E000733,28.2,12987192.16
1027,E000734,23.1,0.0
1028,E000735,32.6,857455.39
1033,E000736,28.2,335134.9
1035,E000737,25.6,447432.28
1044,E000738,33.4,3285283.07
1046,E000739,28.5,0.0
1046,E000741,11.8,0.0
1046,E000740,17.3,0.0
1047,E000742,43.1,14309559.56
1048,E000743,52.2,20642437.48
1049,E000744,33.2,3300429.35
1055,E000745,21.8,0.0
1059,E000746,67.5,4142462.38
1060,E000747,9.9,0.0
1061,E000748,8.9,0.0
1061,E000749,39.9,289542.18
1062,E000750,6.7,0.0
1063,E000751,40.2,11641398.75
1063,E000752,21.0,534048.77
1063,E000753,17.9,556896.95
1064,E000754,14.4,0.0
1068,E000755,40.8,3622908.97
1069,E000756,87.2,38503157.66
1070,E000757,36.8,365486.23
1073,E000758,19.2,0.0
1074,E000761,22.2,0.0
1074,E000760,68.2,1379086.37
1074,E000759,36.5,0.0
1075,E000763,37.7,3431134.89
1075,E000762,49.4,0.0
1075,E000764,17.6,0.0
1076,E000765,45.6,2859892.39
1078,E000767,53.3,0.0
1078,E000768,27.2,0.0
1078,E000769,31.7,0.0
1078,E000766,58.6,314628.33
1079,E000771,35.7,0.0
1079,E000770,26.5,0.0
1080,E000772,86.8,3284889.94
1080,E000773,24.0,1032762.5
1082,E000774,37.1,11119788.85
1084,E000775,27.1,0.0
1085,E000776,82.4,18676781.06
1086,E000779,22.6,6123632.89
1086,E000778,112.1,32636102.65
1086,E000777,48.8,0.0
1087,E000780,9.2,0.0
1088,E000781,84.7,17774192.13
1089,E000782,42.1,0.0
1090,E000783,22.0,0.0
1092,E000784,22.8,7002573.7
1093,E000785,31.1,959182.92
1094,E000786,15.8,0.0
1099,E000787,33.9,0.0
1100,E000788,25.9,0.0
1101,E000789,31.8,2746598.66
1102,E000790,11.5,0.0
1103,E000791,46.1,3689047.61
1105,E000792,99.1,6857850.37
1106,E000793,68.1,5001124.31
1107,E000795,34.1,2945902.48
1107,E000794,20.0,459017.67
1108,E000796,78.7,10882667.05
1109,E000797,21.0,0.0
1110,E000798,26.7,0.0
1116,E000799,17.9,0.0
1120,E000800,22.9,0.0
1125,E000801,86.3,10047842.1
1126,E000802,87.9,7504078.91
1127,E000803,21.8,0.0
1129,E000804,14.1,0.0
1131,E000805,25.4,2533487.4
1132,E000806,42.0,0.0
1132,E000807,23.2,716422.46
1133,E000808,34.8,0.0
1135,E000810,17.9,0.0
1135,E000809,28.4,1581725.56
1136,E000811,39.6,1192201.26
1138,E000812,36.9,2491869.4
1139,E000813,22.4,0.0
1141,E000814,26.0,1995825.04
1143,E000815,57.4,2955804.0
1143,E000816,32.8,0.0
1144,E000817,8.9,0.0
1144,E000818,6.8,0.0
1146,E000820,60.9,15726061.63
1146,E000819,57.6,2528353.67
1147,E000821,40.2,0.0
1150,E000822,30.3,1636061.28
1151,E000823,23.8,0.0
1153,E000824,66.9,14300517.7
1154,E000825,26.0,455682.8
1155,E000826,18.8,6365726.31
1157,E000827,39.0,0.0
1158,E000829,43.0,0.0
1158,E000828,19.8,0.0
1158,E000830,22.9,0.0
1161,E000831,22.1,1483323.12
1163,E000832,29.4,0.0
1163,E000834,85.9,13207580.89
1163,E000833,47.1,2149144.89
1165,E000835,25.6,711803.77
1169,E000836,35.2,2747203.44
1169,E000837,71.3,2230911.04
1170,E000838,,292407.02
1172,E000839,46.5,228614.41
1175,E000841,17.5,0.0
1175,E000842,9.2,0.0
1175,E000840,23.3,1164212.01
1179,E000843,22.7,0.0
1179,E000844,24.2,0.0
1179,E000845,44.1,4344432.77
1180,E000846,41.1,0.0
1181,E000847,141.6,44627742.19
1183,E000849,40.7,0.0
1183,E000848,77.4,39413774.33
1183,E000850,64.0,2717128.02
1184,E000851,17.9,0.0
1186,E000853,18.4,0.0
1186,E000852,18.3,0.0
1186,E000854,33.5,784543.41
1187,E000855,75.7,1173790.89
1190,E000856,35.1,0.0
1191,E000857,20.6,2432166.47
1193,E000858,36.7,520915.99
1195,E000859,35.0,22991686.65
1196,E000860,33.4,2257108.06
1198,E000861,46.5,0.0
1199,E000863,72.0,8553077.55
1199,E000862,56.8,35943133.64
1202,E000864,122.0,10000416.24
1205,E000865,28.5,3200580.71
1206,E000866,15.2,0.0
1209,E000867,60.8,2301516.31
1214,E000868,66.8,3467492.39
1221,E000869,56.5,0.0
1222,E000870,25.8,0.0
1224,E000872,108.5,34259492.07
1224,E000871,16.4,0.0
1227,E000873,41.4,1947351.28
1228,E000874,11.4,0.0
1229,E000876,17.0,0.0
1229,E000875,15.6,0.0
1230,E000877,16.4,0.0
1233,E000878,16.5,2832484.85
1236,E000879,70.5,5396160.16
1237,E000880,12.9,0.0
1238,E000881,23.8,0.0
1249,E000882,33.7,0.0
1249,E000883,72.9,3232907.46
1251,E000884,38.1,763666.95
1254,E000885,10.9,0.0
1256,E000886,92.2,3309704.22
1260,E000887,68.1,44045226.17
1262,E000888,19.4,1610135.57
1263,E000889,36.8,3211137.13
1265,E000890,40.5,2069978.04
1265,E000891,18.3,4837185.4
1266,E000892,9.9,0.0
1267,E000893,16.2,0.0
1268,E000894,45.0,8410698.16
1268,E000895,24.5,0.0
1269,E000897,15.1,946774.72
1269,E000896,55.1,3578228.84
1269,E000898,20.5,485441.31
1270,E000899,34.1,1820618.53
1274,E000900,59.6,9044987.2
1278,E000901,82.2,14470568.61
1279,E000902,69.1,4663531.83
1282,E000903,27.9,0.0
1286,E000904,32.2,12411723.91
1291,E000905,30.4,0.0
1293,E000906,31.4,0.0
1293,E000907,21.7,0.0
1296,E000908,31.9,1490815.47
1298,E000910,14.8,0.0
1298,E000911,30.4,0.0
1298,E000912,17.0,0.0
1298,E000909,22.1,0.0
1302,E000913,18.6,0.0
1302,E000914,36.4,0.0
1302,E000915,50.0,1305903.2
1303,E000916,126.4,21237225.5
1304,E000917,29.0,0.0
1304,E000918,20.7,0.0
1304,E000919,59.1,6478577.31
1306,E000920,13.3,0.0
1307,E000921,53.6,264365.07
1311,E000922,52.5,229893.61
1311,E000923,23.5,0.0
1312,E000924,30.7,8394957.99
1313,E000925,38.7,2422349.49
1314,E000926,5.9,0.0
1315,E000927,59.0,2704655.2
1320,E000928,41.6,11182952.29
1325,E000929,48.0,1119306.32
1327,E000930,53.2,1209761.72
1327,E000931,114.3,685988.37
1329,E000932,22.6,242640.56
1330,E000933,17.9,0.0
1332,E000934,105.9,11335766.0
1333,E000935,8.2,0.0
1339,E000936,34.9,5619586.21
1342,E000937,42.5,8195051.62
1344,E000938,38.2,0.0
1347,E000939,22.3,0.0
1350,E000941,38.2,0.0
1350,E000940,41.3,230867.15
1352,E000942,36.1,771972.25
1354,E000943,40.8,0.0
1355,E000944,15.2,1942367.53
1355,E000945,47.1,4579957.09
1356,E000947,14.4,0.0
1356,E000946,58.5,13357201.25
1358,E000948,19.4,407079.86
1360,E000949,40.8,365373.52
1361,E000950,28.9,0.0
1363,E000951,25.7,0.0
1364,E000952,27.0,0.0
1368,E000953,12.4,0.0
1369,E000954,56.8,5623932.1
1376,E000957,37.0,0.0
1376,E000956,125.7,77968349.79
1376,E000955,9.2,0.0
1377,E000958,28.8,2097429.92
1377,E000959,21.0,0.0
1381,E000960,19.1,0.0
1382,E000961,10.8,0.0
1384,E000962,42.2,1432681.12
1385,E000963,83.3,9912602.04
1386,E000965,47.8,197052.27
1386,E000964,32.4,0.0
1388,E000966,33.7,0.0
1388,E000968,23.3,0.0
1388,E000967,27.2,0.0
1389,E000969,13.4,0.0
1389,E000970,33.5,398052.45
1395,E000972,32.5,4829262.48
1395,E000971,14.9,0.0
1399,E000973,6.7,0.0
1399,E000974,51.5,728386.17
1401,E000975,26.8,0.0
1403,E000976,29.4,0.0
1406,E000977,17.8,0.0
1409,E000979,26.7,1111150.0
1409,E000978,27.5,1954666.61
1410,E000980,13.5,0.0
1412,E000981,16.4,0.0
1414,E000982,104.3,50868756.66
1416,E000985,47.6,274550.73
1416,E000984,30.2,0.0
1416,E000983,23.7,0.0
1417,E000986,19.6,902507.76
1419,E000987,39.8,1678526.38
1421,E000988,69.8,10806143.92
1422,E000989,32.4,894402.52
1423,E000990,28.2,0.0
1423,E000991,46.6,0.0
1424,E000992,19.5,0.0
1424,E000993,28.3,0.0
1426,E000994,40.4,0.0
1430,E000995,13.5,0.0
1431,E000997,98.4,41461179.78
1431,E000996,43.1,11172552.99
1433,E000998,45.6,2751275.42
1434,E000999,24.5,0.0
1436,E001001,31.9,1492956.1
1436,E001000,30.5,3924829.72
1438,E001003,31.6,416422.93
1438,E001002,85.0,6705827.01
1439,E001004,11.2,0.0
1442,E001005,28.9,0.0
1443,E001006,11.3,0.0
1444,E001007,16.0,0.0
1445,E001009,35.5,1282017.28
1445,E001008,35.7,3266787.5
1446,E001010,46.8,722858.42
1447,E001011,20.5,0.0
1449,E001013,32.9,3806406.64
1449,E001012,16.3,395326.93
1450,E001016,23.4,0.0
1450,E001014,28.3,1512604.62
1450,E001015,46.0,0.0
1451,E001017,13.8,0.0
1452,E001018,102.5,42550655.23
1453,E001019,14.6,0.0
1455,E001020,56.9,4387961.61
1457,E001022,22.0,0.0
1457,E001021,44.6,218869.08
1458,E001024,23.4,0.0
1458,E001023,40.3,1195887.0
1459,E001026,19.9,0.0
1459,E001025,24.8,742246.27
1459,E001027,54.9,9432601.68
1460,E001029,20.6,441727.38
1460,E001028,51.4,10596165.77
1461,E001030,27.4,0.0
1463,E001031,20.7,0.0
1464,E001032,22.3,0.0
1465,E001033,14.3,0.0
1466,E001034,59.4,12033154.86
1468,E001035,30.1,2274625.77
1471,E001036,78.0,8141645.49
1471,E001037,21.7,0.0
1472,E001039,30.5,1100263.34
1472,E001038,27.3,0.0
1473,E001040,31.6,721623.88
1474,E001042,28.7,1430889.81
1474,E001041,37.2,2557705.6
1475,E001043,56.6,8867648.87
1475,E001045,49.8,0.0
1475,E001044,59.5,1834949.57
1476,E001047,18.2,0.0
1476,E001046,21.2,0.0
1477,E001048,42.2,3068015.33
1478,E001049,8.7,0.0
1479,E001050,24.8,493018.02
1480,E001051,63.6,1381948.17
1485,E001052,17.7,0.0
1486,E001053,36.9,0.0
1487,E001055,26.3,0.0
1487,E001054,11.7,0.0
1488,E001056,20.2,372558.7
1489,E001057,44.9,1801194.8
1490,E001058,20.6,468479.47
1490,E001059,52.5,4892750.98
1492,E001060,109.1,5760218.72
1495,E001061,46.8,10659361.67
1497,E001062,86.7,6861456.83
1497,E001063,46.2,6423007.82
1499,E001064,46.3,919480.79
1500,E001065,18.5,0.0
1502,E001066,33.8,1702854.75
1506,E001067,54.7,1310750.4
1507,E001068,27.7,1559465.02
1509,E001069,33.0,0.0
1511,E001070,11.3,0.0
1512,E001071,22.2,723156.91
1512,E001072,40.0,0.0
1513,E001073,30.5,2006301.77
1514,E001075,23.0,581763.08
1514,E001074,62.0,4180497.58
1515,E001076,12.6,0.0
1516,E001077,44.3,0.0
1520,E001078,35.6,26440436.45
1524,E001079,24.6,0.0
1524,E001080,31.5,1689861.67
1526,E001081,11.8,0.0
1527,E001082,27.8,4465018.96
1528,E001084,33.1,268206.33
1528,E001083,83.0,8560304.16
1528,E001085,31.8,0.0
1531,E001086,23.3,0.0
1532,E001087,14.9,0.0
1532,E001089,86.5,31223386.56
1532,E001088,11.8,0.0
1534,E001090,22.9,534901.24
1535,E001091,21.0,0.0
1535,E001092,85.8,16203562.63
1538,E001093,76.2,19757232.81
1539,E001094,14.6,1215948.26
1541,E001095,32.3,0.0
1542,E001096,10.2,0.0
1543,E001097,47.0,5694476.91
1543,E001099,49.5,373616.25
1543,E001098,78.2,17235025.36
1546,E001100,18.7,0.0
1549,E001101,21.1,0.0
1552,E001102,56.3,3115704.06
1553,E001103,11.3,0.0
1555,E001105,15.5,0.0
1555,E001106,21.4,578222.95
1555,E001104,32.8,840946.15
1556,E001107,14.1,0.0
1559,E001108,50.4,0.0
1559,E001110,39.0,0.0
1559,E001109,126.9,22788264.36
1559,E001111,51.1,1161642.09
1560,E001112,44.4,2088804.16
1566,E001114,63.0,18111807.21
1566,E001113,46.1,3118918.9
1567,E001115,20.9,0.0
1568,E001116,62.2,10778871.7
1568,E001118,48.6,547362.91
1568,E001117,30.9,0.0
1569,E001119,20.4,0.0
1569,E001120,10.7,0.0
1571,E001122,24.0,2235017.62
1571,E001121,28.7,0.0
1574,E001123,30.8,0.0
1575,E001124,89.4,11526529.53
1578,E001126,80.5,8001269.44
1578,E001125,37.6,0.0
1579,E001127,13.6,0.0
1580,E001128,56.0,6406713.96
1581,E001129,59.6,0.0
1582,E001130,21.6,1521549.55
1583,E001133,26.6,0.0
1583,E001131,37.9,0.0
1583,E001132,21.3,0.0
1585,E001134,47.5,1467269.26
1590,E001135,11.9,0.0
1591,E001137,34.6,1463960.51
1591,E001136,29.7,2530566.37
1593,E001138,52.0,0.0
1594,E001141,33.2,0.0
1594,E001139,82.1,4376766.97
1594,E001140,14.9,0.0
1595,E001142,33.8,7759489.16
1598,E001143,17.8,0.0
1599,E001144,33.7,0.0
1602,E001145,57.2,6613558.09
1602,E001146,28.4,1509483.02
1606,E001147,29.3,0.0
1612,E001148,16.5,0.0
1614,E001149,59.0,2528921.37
1615,E001150,16.7,0.0
1616,E001153,60.0,23755162.41
1616,E001151,17.9,0.0
1616,E001152,67.1,30980177.18
1617,E001154,15.7,0.0
1617,E001155,34.0,1869020.56
1618,E001156,12.2,0.0
1619,E001157,11.1,0.0
1620,E001158,33.8,269801.04
1621,E001159,9.6,0.0
1626,E001160,12.4,0.0
1626,E001161,41.8,1079228.67
1627,E001162,28.4,8329661.09
1632,E001163,11.7,0.0
1633,E001164,115.3,12021951.01
1635,E001165,19.1,0.0
1636,E001166,19.3,0.0
1638,E001167,30.8,0.0
1639,E001168,62.1,0.0
1641,E001169,29.9,0.0
1642,E001170,6.1,0.0
1644,E001171,21.6,0.0
1645,E001172,20.8,0.0
1648,E001173,24.5,1872913.97
1653,E001174,125.4,10559924.15
1654,E001175,70.3,5410049.43
1657,E001176,49.7,4437600.31
1658,E001177,26.2,0.0
1659,E001178,21.5,0.0
1660,E001179,36.9,0.0
1661,E001180,22.0,0.0
1666,E001181,29.1,0.0
1667,E001183,111.7,22664916.0
1667,E001182,33.7,0.0
1668,E001184,70.9,2700442.19
1669,E001185,52.0,9319170.24
1669,E001186,31.1,1655307.93
1671,E001187,43.5,
1672,E001188,29.9,0.0
1673,E001189,58.4,1132836.12
1674,E001190,25.7,0.0
1675,E001193,47.6,0.0
1675,E001191,23.3,546071.79
1675,E001192,39.9,0.0
1677,E001194,44.2,5135052.57
1680,E001195,36.0,0.0
1681,E001198,27.3,0.0
1681,E001196,17.2,0.0
1681,E001197,59.2,5071000.9
1682,E001199,39.6,5072420.98
1683,E001200,25.7,0.0
1685,E001201,40.7,2017389.56
1687,E001202,24.2,506169.17
1690,E001203,19.2,584831.86
1690,E001204,40.3,0.0
1691,E001205,11.0,0.0
1692,E001206,15.0,0.0
1694,E001207,16.8,0.0
1694,E001208,49.3,0.0
1697,E001209,60.6,17610493.43
1701,E001210,21.2,1098568.9
1703,E001211,10.0,0.0
1704,E001212,23.3,0.0
1705,E001214,42.1,2321805.02
1705,E001213,9.1,0.0
1707,E001215,9.2,0.0
1709,E001216,59.2,1007532.45
1715,E001217,17.7,1958767.69
1720,E001219,85.8,9872932.28
1720,E001218,34.4,1967450.76
1721,E001220,41.0,205238.3
1722,E001223,52.1,9947927.96
1722,E001222,79.4,51163464.28
1722,E001221,34.1,369671.71
1730,E001225,13.0,530630.23
1730,E001224,69.9,4206583.05
1731,E001226,37.4,2113709.19
1732,E001227,87.9,2871584.55
1741,E001228,15.2,1242841.59
1741,E001229,7.8,0.0
1742,E001230,8.2,0.0
1743,E001232,25.0,1558122.72
1743,E001231,17.0,386471.97
1745,E001233,37.0,7728266.91
1747,E001234,22.7,2065151.91
1752,E001236,7.9,0.0
1752,E001235,40.7,0.0
1754,E001237,22.9,0.0
1754,E001238,49.0,1932176.87
1755,E001239,22.2,0.0
1758,E001240,54.1,31064288.37
1759,E001241,31.6,0.0
1759,E001242,35.1,3198302.39
1761,E001243,28.9,1505060.72
1762,E001245,43.9,785303.41
1762,E001244,42.7,1584910.17
1762,E001246,29.5,614366.66
1763,E001247,27.2,0.0
1768,E001248,38.0,0.0
1769,E001249,53.8,12115827.32
1771,E001250,10.2,0.0
1772,E001251,18.9,0.0
1773,E001253,39.4,1219921.19
1773,E001252,46.8,1037127.8
1775,E001254,20.1,0.0
1776,E001255,26.0,0.0
1776,E001256,54.6,1645955.51
1777,E001257,40.3,0.0
1780,E001258,47.3,2806167.06
1782,E001259,26.2,0.0
1782,E001260,15.8,0.0
1785,E001261,64.9,27049769.66
1785,E001262,9.0,0.0
1788,E001264,45.3,1013745.97
1788,E001263,16.7,0.0
1788,E001265,41.8,500116.93
1789,E001266,22.9,0.0
1790,E001267,40.3,13768120.36
1792,E001268,61.3,578063.01
1794,E001269,31.4,4096738.72
1795,E001270,6.2,0.0
1796,E001271,9.1,0.0
1798,E001272,9.0,0.0
1800,E001273,47.9,674380.03
1803,E001275,7.8,0.0
1803,E001274,18.2,0.0
1804,E001276,20.3,0.0
1805,E001277,7.7,0.0
1805,E001278,103.8,16236281.9
1806,E001280,11.8,0.0
1806,E001279,47.8,3239621.23
1807,E001281,23.5,0.0
1808,E001282,121.9,5443278.51
1809,E001284,16.0,0.0
1809,E001283,45.9,5595729.68
1809,E001285,36.0,15014820.74
1810,E001286,23.4,789634.41
1811,E001287,63.3,3248156.12
1813,E001290,16.4,0.0
1813,E001288,24.6,0.0
1813,E001289,70.9,4140944.44
1814,E001291,16.3,0.0
1817,E001292,35.8,249006.22
1820,E001293,31.2,0.0
1824,E001294,51.3,4357959.38
1824,E001295,41.9,0.0
1828,E001296,36.8,233231.51
1829,E001298,26.0,0.0
1829,E001297,12.9,0.0
1834,E001299,48.0,796222.99
1836,E001300,21.3,0.0
1836,E001302,60.5,39011617.21
1836,E001301,66.9,1252642.4
1838,E001303,59.4,14782783.55
1839,E001307,27.9,0.0
1839,E001306,12.4,969345.52
1839,E001305,6.2,0.0
1839,E001304,51.6,1275365.31
1842,E001309,18.7,1664775.45
1842,E001308,25.6,0.0
1843,E001310,40.1,3880612.97
1844,E001311,16.2,0.0
1844,E001313,30.8,0.0
1844,E001312,22.0,495203.37
1845,E001314,24.9,0.0
1847,E001315,30.4,0.0
1848,E001316,30.9,804709.24
1849,E001317,22.4,0.0
1851,E001319,34.2,3427066.56
1851,E001318,57.7,363962.87
1852,E001320,27.1,1352051.28
1854,E001321,37.6,0.0
1855,E001322,50.7,0.0
1858,E001324,47.8,0.0
1858,E001323,51.0,33270242.01
1859,E001326,24.4,3065923.68
1859,E001325,58.2,876639.8
1863,E001327,16.6,0.0
1864,E001328,22.2,0.0
1866,E001330,45.0,27399582.69
1866,E001329,19.2,0.0
1868,E001331,15.2,0.0
1872,E001332,11.5,0.0
1873,E001333,70.9,7500975.23
1873,E001334,28.4,1431911.62
1875,E001335,81.0,614681.0
1875,E001336,61.8,215950.07
1877,E001338,17.2,0.0
1877,E001337,16.8,0.0
1881,E001339,20.2,0.0
1881,E001340,61.3,59551308.34
1883,E001341,36.5,0.0
1884,E001342,10.6,0.0
1884,E001343,13.9,0.0
1885,E001344,51.1,11347040.69
1886,E001345,20.3,0.0
1888,E001347,24.9,1109105.95
1888,E001346,28.2,289492.36
1889,E001348,27.2,0.0
1893,E001349,19.3,441053.9
1894,E001351,21.2,646081.54
1894,E001350,29.0,0.0
1895,E001353,76.7,9540212.27
1895,E001352,21.8,0.0
1899,E001354,36.6,3913964.73
1900,E001356,16.0,0.0
1900,E001355,27.6,0.0
1901,E001357,41.0,2103690.52
1904,E001358,8.2,0.0
1907,E001359,25.9,0.0
1907,E001360,109.1,5918091.75
1910,E001361,45.0,0.0
1911,E001362,73.2,11486035.46
1912,E001363,16.0,0.0
1914,E001366,39.8,0.0
1914,E001365,20.2,3274114.14
1914,E001364,18.6,0.0
1914,E001367,108.9,52099089.63
1917,E001368,19.4,0.0
1922,E001369,18.9,582757.46
1924,E001372,44.5,4722509.0
1924,E001371,7.9,0.0
1924,E001370,26.6,0.0
1925,E001374,11.9,0.0
1925,E001373,36.9,2519430.78
1927,E001375,36.4,12580184.84
1928,E001376,29.9,1185605.27
1929,E001377,44.0,5671803.76
1932,E001380,8.6,0.0
1932,E001378,20.4,0.0
1932,E001379,45.0,5014231.55
1935,E001382,42.1,1978019.01
1935,E001381,58.5,13858724.68
1938,E001383,59.7,9998026.85
1938,E001384,119.6,6822871.44
1940,E001385,21.1,0.0
1940,E001386,26.9,0.0
1943,E001387,34.6,0.0
1943,E001388,54.0,8302553.86
1945,E001389,31.3,0.0
1950,E001390,17.0,0.0
1951,E001392,44.2,2876190.23
1951,E001391,48.9,9024035.05
1953,E001393,18.7,0.0
1954,E001394,34.5,6699620.07
1955,E001395,44.9,2336791.69
1956,E001396,52.4,4292926.68
1957,E001397,6.0,0.0
1957,E001397,6.0,0.0
1958,E001399,22.9,556761.43
1958,E001398,18.0,814399.52
1959,E001400,33.5,1038267.1
1961,E001401,31.0,0.0
1962,E001403,42.8,2096178.83
1962,E001402,29.0,0.0
1964,E001404,63.4,6528131.7
1966,E001405,46.6,2994925.0
1968,E001408,29.6,0.0
1968,E001407,20.6,574463.11
1968,E001406,15.1,0.0
1968,E001409,31.9,1088916.99
1969,E001410,22.2,0.0
1970,E001412,115.3,7184242.07
1970,E001411,49.2,2253156.32
1971,E001413,33.1,0.0
1971,E001414,32.8,0.0
1972,E001415,85.2,13183832.34
1972,E001417,22.4,482804.91
1972,E001416,32.5,0.0
1973,E001418,8.5,0.0
1976,E001419,18.7,634015.26
1978,E001421,18.5,0.0
1978,E001420,51.3,0.0
1979,E001422,35.7,0.0
1981,E001423,19.5,0.0
1981,E001424,45.9,419965.91
1983,E001426,54.8,20556535.86
1983,E001425,104.1,20905830.57
1985,E001427,59.6,6327020.93
1986,E001428,15.1,0.0
1987,E001430,28.5,0.0
1987,E001429,71.0,3305608.12
1990,E001431,43.6,2441912.37
1990,E001432,105.6,51675230.42
1991,E001433,20.5,0.0
1995,E001434,33.2,0.0
1998,E001435,24.2,490071.14
2001,E001436,52.6,17039621.69
2003,E001437,21.5,0.0
2005,E001438,34.2,0.0
2006,E001439,41.4,0.0
2007,E001440,17.0,0.0
2008,E001442,19.2,592494.59
2008,E001441,33.7,0.0
2013,E001443,20.4,0.0
2014,E001444,23.2,0.0
2018,E001445,25.0,0.0
2019,E001446,14.3,0.0
2021,E001447,64.2,10028001.88
2025,E001448,9.3,0.0
2031,E001449,50.8,7774607.44
2032,E001451,7.8,0.0
2032,E001450,36.0,200726.2
2033,E001452,23.8,437040.27
2039,E001453,78.4,12584534.69
2040,E001454,54.0,11131685.07
2040,E001455,19.8,0.0
2042,E001456,42.6,3099581.92
2042,E001457,34.0,3746397.75
2044,E001458,22.0,1700107.9
2047,E001459,50.9,970261.78
2048,E001460,41.0,7426830.43
2048,E001461,36.4,0.0
2048,E001462,41.6,6095926.6
2049,E001463,30.2,0.0
2050,E001464,28.3,302996.4
2052,E001465,25.8,0.0
2055,E001466,57.9,29185437.62
2055,E001467,32.7,0.0
2060,E001468,37.6,870284.59
2061,E001470,5.3,0.0
2061,E001469,27.9,0.0
2062,E001471,17.4,0.0
2062,E001473,26.7,0.0
2062,E001472,20.8,0.0
2065,E001474,41.2,3224353.64
2067,E001475,25.4,0.0
2068,E001477,40.9,0.0
2068,E001476,8.1,0.0
2069,E001478,21.7,0.0
2071,E001479,28.7,1151832.44
2072,E001480,14.5,887161.49
2073,E001484,24.5,0.0
2073,E001482,45.3,3070013.33
2073,E001481,30.0,0.0
2073,E001483,15.1,0.0
2076,E001486,33.3,1409898.06
2076,E001485,19.0,0.0
2077,E001488,39.8,864787.27
2077,E001487,8.8,0.0
2079,E001490,29.2,0.0
2079,E001489,25.1,0.0
2081,E001491,61.5,303770.53
2081,E001492,59.6,9537020.16
2081,E001493,29.2,0.0
2082,E001494,42.0,46556657.89
2084,E001495,24.7,0.0
2086,E001496,18.9,0.0
2087,E001497,18.5,0.0
2087,E001498,26.4,1240152.1
2087,E001499,95.8,12980670.46
2088,E001500,56.6,1143579.32
2097,E001502,31.6,1897309.16
2097,E001501,20.4,0.0
2098,E001503,64.7,10019854.49
2099,E001504,16.2,490256.95
2100,E001505,14.0,0.0
2101,E001506,43.3,8111142.3
2102,E001507,18.6,0.0
2103,E001508,130.7,7370609.74
2105,E001509,54.3,19992824.24
2106,E001510,31.2,512133.61
2107,E001511,77.2,0.0
2108,E001512,14.2,0.0
2108,E001513,26.8,0.0
2109,E001514,62.0,17837726.48
2110,E001515,25.1,0.0
2112,E001516,58.4,22227055.49
2112,E001517,70.0,13107725.25
2113,E001518,63.5,6006234.27
2115,E001519,59.4,4021120.0
2115,E001520,14.8,513855.16
2116,E001521,33.9,0.0
2118,E001522,21.6,406472.56
2119,E001523,53.8,1948383.47
2120,E001524,67.7,19806412.91
2121,E001525,23.3,703555.39
2124,E001526,47.7,19405494.12
2125,E001527,17.9,0.0
2126,E001528,35.1,0.0
2130,E001529,25.0,0.0
2132,E001530,58.5,10046031.23
2135,E001531,50.8,0.0
2137,E001532,27.7,1354693.23
2140,E001533,21.7,0.0
2141,E001534,24.9,0.0
2145,E001535,44.9,11443217.43
2148,E001536,73.4,4705592.61
2153,E001537,32.6,0.0
2155,E001538,17.9,0.0
2158,E001539,26.6,1986257.45
2158,E001540,59.6,389288.8
2159,E001542,29.1,0.0
2159,E001541,34.0,555701.48
2160,E001543,63.1,15386136.07
2161,E001544,29.4,3025242.31
2161,E001545,37.9,0.0
2162,E001546,18.6,0.0
2167,E001548,17.5,0.0
2167,E001547,30.6,0.0
2169,E001549,26.7,0.0
2170,E001550,30.9,0.0
2174,E001551,14.6,1920448.29
2176,E001552,36.6,1332727.46
2177,E001553,65.5,4301253.11
2179,E001554,61.8,15198990.92
2180,E001555,61.8,3385967.26
2182,E001556,55.0,252624.22
2183,E001557,27.4,4546273.62
2189,E001558,54.2,40512936.68
2190,E001559,73.8,4854110.27
2191,E001560,46.1,4156469.46
2192,E001561,30.5,1659438.24
2193,E001562,21.7,0.0
2194,E001563,22.7,387983.53
2195,E001565,58.9,18676142.8
2195,E001564,53.2,569578.53
2196,E001566,31.6,0.0
2197,E001567,67.2,51534610.45
2198,E001568,66.9,6722074.08
2199,E001569,19.4,2012206.17
2204,E001570,40.2,0.0
2204,E001571,28.6,0.0
2205,E001574,38.6,1588590.27
2205,E001572,27.5,0.0
2205,E001573,47.5,8633181.75
2206,E001575,38.5,9737824.82
2208,E001577,64.5,7706396.75
2208,E001576,64.6,4027328.11
2209,E001578,22.2,0.0
2212,E001579,55.1,0.0
2213,E001580,70.9,10748214.56
2214,E001581,44.8,1507640.16
2215,E001583,23.7,3850009.0
2215,E001582,60.0,338347.2
2216,E001584,65.3,41468808.39
2216,E001585,136.3,8782879.63
2220,E001586,27.7,0.0
2221,E001587,48.6,10322675.44
2222,E001588,58.1,430793.82
2225,E001592,15.8,0.0
2225,E001590,48.9,2055160.73
2225,E001589,23.6,0.0
2225,E001591,50.6,2680861.52
2226,E001593,34.5,0.0
2230,E001594,17.2,0.0
2232,E001595,31.4,0.0
2235,E001596,77.6,4599157.85
2236,E001597,18.8,0.0
2239,E001598,44.9,3486691.91
2240,E001599,39.2,2212114.15
2240,E001603,58.4,9811574.26
2240,E001602,30.3,3385604.43
2240,E001600,37.5,1161459.57
2240,E001604,34.2,0.0
2240,E001601,18.1,0.0
2243,E001605,3.9,0.0
2244,E001606,33.1,2305073.08
2246,E001607,49.8,1564900.74
2246,E001608,29.9,0.0
2247,E001609,18.9,0.0
2247,E001610,32.3,1915098.77
2249,E001611,37.6,0.0
2250,E001612,17.7,1813512.69
2254,E001613,24.5,7077559.42
2257,E001614,59.7,500910.49
2259,E001615,22.4,1210608.95
2260,E001616,26.2,301874.85
2263,E001618,37.6,2589950.43
2263,E001617,94.1,17483163.6
2264,E001619,23.1,2312877.01
2266,E001620,18.4,0.0
2267,E001622,50.6,252562.47
2267,E001621,51.1,3329910.8
2268,E001623,43.8,521150.22
2269,E001624,38.1,6589148.19
2271,E001625,10.1,0.0
2273,E001626,13.6,0.0
2274,E001627,64.6,2148112.74
2275,E001628,17.2,0.0
2276,E001630,33.2,0.0
2276,E001629,20.9,0.0
2277,E001631,22.2,0.0
2278,E001632,25.3,0.0
2279,E001633,42.2,2790143.58
2280,E001634,30.7,0.0
2284,E001635,26.8,861287.94
2284,E001636,64.3,1047542.9
2285,E001637,9.8,0.0
2286,E001638,54.9,0.0
2286,E001639,20.8,0.0
2288,E001640,19.8,682195.67
2289,E001641,46.6,2760863.02
2290,E001642,27.2,0.0
2290,E001643,22.5,0.0
2292,E001645,20.5,723925.59
2292,E001644,6.9,0.0
2293,E001646,44.2,6233640.54
2295,E001647,16.7,0.0
2296,E001648,37.4,781040.65
2300,E001649,77.5,4690155.18
2301,E001650,24.8,0.0
2302,E001651,26.1,2395819.96
2305,E001652,33.6,4371742.72
2305,E001654,23.7,0.0
2305,E001653,26.3,0.0
2314,E001655,19.4,0.0
2315,E001656,24.2,0.0
2316,E001658,36.6,1060876.46
2316,E001657,28.5,0.0
2322,E001660,101.9,4548126.65
2322,E001659,75.0,5360980.75
2323,E001662,43.9,31998900.77
2323,E001661,41.4,2995586.98
2325,E001663,78.5,1238342.97
2329,E001664,29.8,0.0
2331,E001665,26.6,0.0
2334,E001669,17.0,0.0
2334,E001666,58.7,2319981.17
2334,E001668,23.5,1423998.06
2334,E001667,45.6,6089165.34
2334,E001670,90.5,426365.17
2336,E001671,22.8,1359394.33
2338,E001672,23.5,0.0
2338,E001673,39.8,9612343.69
2339,E001674,41.1,0.0
2340,E001675,47.3,19034099.84
2341,E001676,28.7,0.0
2343,E001677,28.3,1142496.13
2346,E001678,19.5,1955116.19
2347,E001679,47.2,8694827.49
2348,E001680,7.5,0.0
2350,E001681,13.6,0.0
2353,E001682,26.7,945659.04
2355,E001683,27.4,6509058.95
2359,E001684,16.8,0.0
2360,E001685,51.8,0.0
2361,E001686,13.5,0.0
2366,E001687,22.1,3209844.52
2368,E001688,13.6,0.0
2369,E001689,48.6,925003.14
2372,E001690,37.8,0.0
2375,E001691,20.6,0.0
2376,E001692,28.6,0.0
2379,E001693,67.2,55155744.5
2381,E001697,51.4,5125065.68
2381,E001696,44.9,0.0
2381,E001694,48.3,28582462.98
2381,E001695,109.0,75078855.92
2385,E001699,45.2,2441433.5
2385,E001698,44.6,2109818.42
2388,E001700,33.9,6556785.48
2392,E001701,43.6,0.0
2393,E001702,67.7,32260121.25
2396,E001703,63.6,2900603.87
2396,E001704,7.4,0.0
2397,E001705,71.1,35030906.9
2398,E001706,70.5,0.0
2399,E001707,33.6,0.0
2401,E001708,19.5,0.0
2402,E001709,26.5,0.0
2403,E001710,45.1,0.0
2407,E001711,27.8,0.0
2409,E001712,26.8,459743.85
2410,E001713,26.5,574035.71
2411,E001714,14.9,0.0
2412,E001716,53.0,3149937.98
2412,E001715,68.3,6618709.41
2414,E001717,33.5,0.0
2415,E001718,30.8,0.0
2420,E001719,18.0,0.0
2424,E001720,83.4,23559359.09
2425,E001722,63.7,471677.15
2425,E001721,20.6,572940.5
2426,E001724,27.4,0.0
2426,E001723,24.7,0.0
2428,E001725,92.1,15530892.52
2429,E001727,53.8,0.0
2429,E001726,90.6,12847547.26
2431,E001728,72.0,16112224.64
2432,E001729,27.5,0.0
2434,E001730,32.9,696199.38
2439,E001731,51.0,2456184.56
2439,E001732,24.8,0.0
2439,E001733,28.0,1105731.44
2440,E001735,14.8,0.0
2440,E001734,18.2,660277.03
2441,E001737,74.5,10322696.14
2441,E001736,28.4,2510699.97
2442,E001738,50.8,1266967.98
2442,E001739,28.4,0.0
2443,E001740,15.5,0.0
2444,E001741,14.3,0.0
2445,E001742,42.4,19657914.8
2445,E001743,42.7,9813647.73
2446,E001746,,0.0
2446,E001745,53.6,16434380.07
2446,E001744,27.4,0.0
2449,E001747,13.9,0.0
2451,E001748,19.5,1787813.85
2452,E001749,58.0,3518066.11
2455,E001750,44.0,4029148.36
2456,E001751,49.5,13873788.79
2459,E001752,60.8,1296693.32
2463,E001755,32.3,0.0
2463,E001754,21.6,0.0
2463,E001753,27.5,0.0
2466,E001758,106.8,35286723.37
2466,E001756,24.2,0.0
2466,E001757,37.4,22935353.87
2467,E001759,109.3,29140776.72
2473,E001760,42.1,2593869.0
2476,E001761,48.6,0.0
2479,E001762,13.3,0.0
2483,E001764,29.7,1884843.34
2483,E001763,50.3,19072716.44
2488,E001766,41.5,3613284.75
2488,E001765,38.7,1947408.99
2490,E001767,20.6,0.0
2491,E001768,67.2,8589535.72
2494,E001769,42.8,2546727.53
2496,E001770,31.5,0.0
2498,E001771,23.9,3065371.76
2500,E001772,28.0,0.0
2502,E001773,8.1,0.0
2504,E001775,39.3,0.0
2504,E001776,22.9,0.0
2504,E001774,13.5,0.0
2506,E001778,30.3,703441.34
2506,E001777,23.6,0.0
2510,E001779,17.1,0.0
2511,E001781,35.2,10077492.52
2511,E001780,22.4,0.0
2512,E001783,16.5,463527.82
2512,E001782,19.9,0.0
2512,E001784,14.0,428730.52
2513,E001785,22.4,851755.44
2515,E001788,29.8,4370287.74
2515,E001786,24.2,610518.58
2515,E001789,35.9,0.0
2515,E001787,19.1,0.0
2518,E001792,52.0,2680127.11
2518,E001790,47.9,0.0
2518,E001791,63.6,1459134.69
2519,E001794,19.9,725063.92
2519,E001793,21.8,0.0
2520,E001795,32.4,1143540.93
2521,E001796,21.9,0.0
2522,E001797,10.7,0.0
2528,E001798,37.3,0.0
2529,E001799,39.9,0.0
2532,E001800,23.8,0.0
2532,E001801,73.2,4204975.18
2533,E001802,39.2,9657233.07
2535,E001803,18.5,0.0
2535,E001804,79.4,702093.01
2537,E001806,34.2,830808.5
2537,E001805,33.8,806925.23
2538,E001807,26.8,912505.58
2543,E001808,24.9,0.0
2544,E001809,22.5,4234662.3
2546,E001810,32.8,0.0
2546,E001811,37.3,995848.41
2547,E001812,6.8,0.0
2547,E001813,12.1,0.0
2551,E001814,26.3,0.0
2552,E001815,63.0,0.0
2553,E001816,16.4,363724.18
2555,E001817,14.7,441495.2
2556,E001819,17.9,0.0
2556,E001818,73.4,24023502.65
2558,E001820,64.1,10997061.35
2560,E001821,29.1,1170927.82
2562,E001822,19.2,484078.16
2564,E001823,51.6,11398247.13
2566,E001824,13.0,0.0
2567,E001826,62.2,1241346.19
2567,E001825,82.4,3466805.58
2568,E001827,23.4,0.0
2569,E001828,10.4,0.0
2570,E001829,25.0,767911.25
2574,E001830,46.8,0.0
2576,E001832,15.9,0.0
2576,E001831,19.3,0.0
2578,E001833,35.4,727029.55
2579,E001834,18.3,0.0
2581,E001835,15.3,0.0
2581,E001836,21.3,0.0
2582,E001837,36.4,0.0
2585,E001838,102.1,15010426.73
2585,E001839,44.7,0.0
2586,E001840,11.4,0.0
2586,E001841,15.4,0.0
2588,E001842,31.2,1242158.19
2589,E001843,27.6,0.0
2589,E001844,35.6,0.0
2593,E001845,9.8,521372.84
2596,E001846,38.4,0.0
2596,E001847,30.7,4568786.56
2597,E001848,10.4,0.0
2598,E001850,28.8,0.0
2598,E001849,38.5,1573613.98
2599,E001851,19.8,370074.98
2601,E001852,23.5,0.0
2603,E001855,77.7,1410219.31
2603,E001853,16.4,0.0
2603,E001854,5.3,0.0
2604,E001856,26.7,7951423.51
2605,E001857,52.7,43183207.09
2607,E001858,25.1,1434033.67
2608,E001859,31.7,0.0
2608,E001860,28.0,956743.96
2609,E001861,13.9,0.0
2611,E001862,56.8,11613747.05
2612,E001864,36.4,0.0
2612,E001865,26.8,0.0
2612,E001863,54.0,4043332.57
2612,E001866,37.6,2603892.96
2613,E001867,11.0,0.0
2614,E001868,28.4,0.0
2617,E001869,31.8,2482859.37
2618,E001870,31.5,0.0
2618,E001871,22.8,0.0
2619,E001872,23.3,0.0
2619,E001874,29.4,0.0
2619,E001873,34.3,2041624.42
2620,E001875,19.0,0.0
2620,E001876,39.1,4295806.2
2623,E001877,22.8,0.0
2623,E001878,13.8,0.0
2624,E001879,17.1,0.0
2625,E001880,12.0,0.0
2626,E001884,9.2,0.0
2626,E001882,47.8,0.0
2626,E001883,26.0,0.0
2626,E001881,18.5,437346.84
2630,E001885,49.5,267028.36
2635,E001887,71.8,51836030.15
2635,E001888,41.1,387990.92
2635,E001886,93.1,51435222.16
2637,E001889,32.5,5279567.99
2640,E001891,32.7,0.0
2640,E001890,16.6,1034308.74
2640,E001892,37.3,4453258.06
2643,E001893,52.1,6147612.92
2645,E001894,27.8,3249119.62
2646,E001896,24.8,872358.63
2646,E001895,36.7,0.0
2646,E001897,25.2,0.0
2647,E001898,42.2,699119.48
2650,E001899,42.2,396165.62
2652,E001900,24.4,0.0
2653,E001902,8.8,0.0
2653,E001901,42.2,3591114.42
2654,E001903,22.6,0.0
2655,E001904,10.3,0.0
2656,E001905,40.0,3132568.99
2659,E001907,12.7,677129.86
2659,E001906,48.2,5958474.17
2659,E001908,152.5,36876826.88
2661,E001909,21.3,830630.43
2662,E001910,42.1,0.0
2663,E001911,5.7,0.0
2668,E001912,25.7,0.0
2670,E001914,44.0,13336379.55
2670,E001913,28.0,1531020.12
2672,E001915,41.7,3041309.51
2673,E001916,18.6,373021.47
2675,E001917,9.2,0.0
2675,E001918,49.6,2644500.68
2676,E001919,7.2,0.0
2677,E001920,61.6,292370.37
2683,E001921,52.1,0.0
2689,E001922,26.8,3020083.83
2690,E001923,33.0,0.0
2691,E001924,20.0,8417675.42
2692,E001925,43.5,996232.35
2693,E001926,24.6,0.0
2695,E001928,27.9,1603264.32
2695,E001927,43.3,0.0
2696,E001929,18.9,0.0
2696,E001930,19.3,0.0
2700,E001931,60.3,14873628.26
2702,E001932,154.8,31531465.37
2703,E001933,27.0,1771872.94
2708,E001934,23.9,3095216.66
2708,E001935,18.5,0.0
2710,E001936,17.3,0.0
2711,E001937,63.4,3275737.83
2711,E001938,19.8,0.0
2712,E001939,26.3,0.0
2715,E001941,60.8,0.0
2715,E001940,25.2,0.0
2716,E001943,36.3,2182240.54
2716,E001942,28.6,0.0
2721,E001944,61.6,2432427.44
2722,E001945,43.1,14928717.67
2726,E001946,19.6,0.0
2728,E001948,18.7,3042562.58
2728,E001947,22.5,0.0
2728,E001949,20.1,0.0
2732,E001950,46.4,4413520.68
2736,E001952,25.6,0.0
2736,E001951,25.2,0.0
2737,E001953,98.7,8584168.01
2740,E001954,19.8,0.0
2740,E001955,43.2,1797523.85
2742,E001956,50.8,10922217.23
2743,E001957,44.7,209493.14
2744,E001958,15.7,0.0
2747,E001959,54.4,3405664.25
2751,E001960,57.2,0.0
2755,E001961,26.2,3728404.42
2755,E001962,44.7,0.0
2756,E001964,33.8,0.0
2756,E001963,12.4,0.0
2758,E001967,24.4,2598886.11
2758,E001966,16.7,0.0
2758,E001968,38.0,6814265.17
2758,E001965,36.0,1881263.93
2759,E001969,41.3,6043266.48
2760,E001970,58.7,254416.23
2760,E001971,47.1,0.0
2762,E001972,170.0,48743631.7
2763,E001973,26.6,0.0
2763,E001974,31.1,2302469.34
2765,E001975,48.8,6260788.91
2766,E001976,16.0,0.0
2769,E001977,40.7,5716913.77
2772,E001978,69.1,6498899.54
2773,E001979,43.1,1531176.38
2774,E001981,39.9,907330.06
2774,E001980,43.6,3010638.9
2775,E001982,10.6,438600.24
2778,E001983,52.2,292217.46
2784,E001984,3.9,0.0
2786,E001985,32.2,278476.66
2787,E001986,18.6,0.0
2788,E001988,32.2,573576.21
2788,E001987,55.4,2693628.75
2788,E001989,45.1,0.0
2790,E001990,109.3,30470514.47
2792,E001991,43.3,6685526.57
2792,E001992,18.6,0.0
2793,E001993,55.5,2386654.22
2795,E001994,145.1,6365121.58
2796,E001995,29.7,1706155.87
2798,E001996,69.9,32714337.23
2799,E001997,96.5,6287286.51
2800,E001998,31.9,0.0
2802,E001999,29.5,897702.83
2802,E002000,34.7,0.0
2805,E002001,17.3,507970.1
2807,E002002,57.7,35564434.76
2808,E002003,34.5,0.0
2809,E002004,28.4,0.0
2812,E002005,51.2,0.0
2812,E002006,112.9,38674866.09
2813,E002009,60.8,3673013.94
2813,E002007,35.1,0.0
2813,E002008,32.8,0.0
2814,E002012,17.2,0.0
2814,E002010,23.2,0.0
2814,E002011,47.4,0.0
2815,E002013,35.4,6293102.42
2816,E002014,48.1,5060627.88
2816,E002015,17.8,0.0
2817,E002016,70.1,0.0
2820,E002017,35.2,907702.63
2823,E002018,59.7,19624432.22
2824,E002019,56.2,2390175.22
2825,E002020,9.7,0.0
2827,E002022,22.8,0.0
2827,E002021,38.8,0.0
2829,E002023,32.0,0.0
2829,E002024,39.0,1614594.13
2832,E002025,15.2,0.0
2833,E002027,36.7,1461300.05
2833,E002026,24.2,2888092.29
2835,E002029,21.9,0.0
2835,E002030,23.3,0.0
2835,E002028,62.3,0.0
2836,E002032,50.4,832474.37
2836,E002031,47.4,8966465.03
2837,E002033,38.0,827494.21
2838,E002034,17.9,0.0
2841,E002035,9.5,0.0
2842,E002036,77.8,197635.68
2842,E002037,68.0,6792128.61
2843,E002038,11.1,0.0
2844,E002039,48.8,772993.65
2845,E002040,31.1,0.0
2850,E002041,66.2,2296724.68
2853,E002042,28.5,852949.87
2854,E002044,3.9,0.0
2854,E002043,18.3,0.0
2854,E002045,24.8,412015.78
2856,E002046,14.7,0.0
2857,E002047,75.7,19513588.75
2859,E002049,108.1,4405893.67
2859,E002048,16.8,1217594.56
2860,E002050,45.2,4921416.96
2863,E002051,19.0,0.0
2864,E002052,11.6,0.0
2865,E002053,28.5,1297343.03
2866,E002055,59.8,1685369.2
2866,E002054,10.5,0.0
2867,E002056,39.4,12649231.81
2868,E002057,40.9,2937863.7
2869,E002058,103.9,13097110.06
2869,E002059,23.4,0.0
2872,E002061,25.1,0.0
2872,E002060,29.7,2601357.96
2873,E002062,62.3,2370666.24
2874,E002063,67.8,7504847.75
2875,E002064,48.8,458653.65
2877,E002065,46.7,0.0
2879,E002067,41.8,3591448.4
2879,E002066,43.0,5498542.25
2883,E002068,11.5,0.0
2885,E002070,31.2,0.0
2885,E002069,44.7,4317845.92
2885,E002071,18.9,0.0
2886,E002072,27.1,0.0
2887,E002073,60.6,2536192.21
2888,E002074,35.6,781097.37
2889,E002075,59.4,24468382.74
2890,E002076,57.7,1095202.03
2891,E002078,40.4,0.0
2891,E002077,30.4,0.0
2892,E002080,13.3,447071.61
2892,E002079,13.6,0.0
2893,E002082,46.9,3366079.16
2893,E002081,48.3,357183.27
2894,E002083,16.2,645521.32
2895,E002085,31.8,0.0
2895,E002084,57.9,36652544.76
2897,E002087,23.2,0.0
2897,E002086,54.4,0.0
2898,E002088,17.2,1143092.62
2899,E002089,92.0,21868527.09
2900,E002090,8.6,0.0
2900,E002091,75.8,16931895.62
2901,E002092,25.1,0.0
2904,E002093,20.8,0.0
2904,E002094,64.0,1734128.65
2905,E002095,16.7,0.0
2906,E002096,86.4,4973910.15
2907,E002097,11.9,0.0
2908,E002098,42.3,0.0
2908,E002099,41.9,938386.88
2912,E002100,10.2,0.0
2914,E002102,48.3,1564683.77
2914,E002101,25.6,0.0
2916,E002103,56.0,0.0
2917,E002104,56.1,2258156.64
2919,E002105,21.6,596208.16
2920,E002106,51.9,294042.84
2922,E002107,30.6,4276895.44
2925,E002108,22.7,0.0
2926,E002109,76.8,2520453.18
2927,E002110,48.5,715711.91
2928,E002111,19.9,539981.71
2929,E002112,13.4,1085014.21
2931,E002114,33.0,4221665.28
2931,E002113,42.0,3910139.98
2932,E002115,30.7,0.0
2935,E002116,22.8,1162007.7
2936,E002117,45.6,0.0
2940,E002118,57.5,1118124.69
2944,E002119,39.4,4867698.84
2948,E002121,37.2,2173919.27
2948,E002120,6.8,0.0
2952,E002122,19.2,0.0
2953,E002124,13.5,0.0
2953,E002125,30.4,0.0
2953,E002123,14.0,0.0
2957,E002126,23.6,673160.48
2960,E002127,17.8,0.0
2961,E002130,17.6,0.0
2961,E002129,34.2,0.0
2961,E002128,25.7,1082000.77
2962,E002131,33.1,2729562.67
2963,E002132,53.3,1626398.11
2964,E002135,73.6,4798064.01
2964,E002133,38.1,0.0
2964,E002134,26.2,0.0
2964,E002136,14.0,0.0
2966,E002137,54.5,0.0
2970,E002139,34.2,9311400.9
2970,E002138,16.7,1159913.58
2971,E002140,36.0,2749899.44
2976,E002141,12.5,0.0
2977,E002143,49.7,765400.03
2977,E002142,41.3,10822174.29
2977,E002144,21.7,0.0
2977,E002145,48.2,2068738.08
2978,E002146,22.7,0.0
2981,E002147,45.4,2008670.5
2982,E002148,11.6,0.0
2982,E002149,10.7,0.0
2985,E002150,88.9,5498634.55
2988,E002152,42.7,505051.59
2988,E002151,29.2,0.0
2989,E002154,24.7,0.0
2989,E002153,44.0,289587.75
2989,E002155,35.1,288138.46
2992,E002157,29.0,0.0
2992,E002156,21.1,10767552.33
2993,E002159,23.3,427112.47
2993,E002158,68.2,3115010.15
2994,E002160,50.2,25006909.98
2998,E002162,62.3,17551563.18
2998,E002161,32.2,0.0
3000,E002163,36.5,847018.36
3000,E002164,412.0,546024.87
3000,E002165,89.7,12075166.48
3001,E002166,68.4,282686.47
3003,E002167,37.3,0.0
3010,E002168,52.4,1323517.38
3010,E002170,28.0,0.0
3010,E002169,14.5,0.0
3016,E002171,52.6,0.0
3018,E002172,17.4,0.0
3019,E002174,17.5,0.0
3019,E002173,48.8,3936680.34
3019,E002175,25.2,0.0
3020,E002176,11.4,0.0
3021,E002177,30.5,0.0
3022,E002178,25.8,678480.86
3023,E002179,50.1,948591.66
3024,E002180,13.3,0.0
3025,E002183,59.0,13144534.03
3025,E002181,19.0,0.0
3025,E002182,28.2,0.0
3026,E002184,14.6,590346.32
3028,E002185,43.0,21821245.57
3030,E002186,31.4,0.0
3030,E002187,27.7,0.0
3032,E002188,69.1,1796542.52
3034,E002189,15.3,0.0
3037,E002190,34.6,0.0
3041,E002191,37.2,0.0
3044,E002193,37.4,0.0
3044,E002192,26.4,0.0
3048,E002194,20.7,0.0
3048,E002195,41.7,2839584.47
3050,E002196,10.2,0.0
3051,E002197,35.8,0.0
3058,E002198,19.1,0.0
3061,E002199,16.6,563099.95
3067,E002200,28.2,493998.67
3067,E002202,27.5,2230833.1
3067,E002201,35.2,32283572.98
3067,E002203,36.2,901778.33
3068,E002204,18.8,0.0
3069,E002205,24.3,0.0
3069,E002206,63.5,5186425.36
3070,E002207,14.5,1016074.13
3073,E002208,24.5,496876.86
3074,E002209,45.4,4643022.77
3074,E002210,24.2,667415.11
3074,E002211,29.6,0.0
3080,E002212,86.5,3405845.67
3080,E002213,35.9,0.0
3081,E002214,21.9,0.0
3083,E002216,32.4,0.0
3083,E002217,28.0,0.0
3083,E002215,49.3,911801.92
3085,E002218,10.3,0.0
3085,E002219,22.2,0.0
3086,E002220,70.9,4318947.88
3091,E002221,27.1,0.0
3092,E002222,45.2,3280531.9
3093,E002223,24.9,0.0
3093,E002224,91.6,8059179.6
3095,E002225,24.7,0.0
3098,E002226,53.6,1596084.18
3102,E002227,53.1,1657427.3
3106,E002228,18.1,0.0
3108,E002229,18.7,0.0
3108,E002230,46.2,4736067.8
3110,E002231,38.8,0.0
3112,E002232,46.2,0.0
3114,E002233,33.6,0.0
3117,E002235,44.0,1739977.28
3117,E002234,10.4,0.0
3118,E002236,17.5,0.0
3118,E002237,35.0,0.0
3119,E002238,19.9,0.0
3123,E002239,8.7,0.0
3124,E002241,31.5,0.0
3124,E002240,83.6,7547025.79
3127,E002242,60.2,979411.75
3128,E002243,28.8,2243094.52
3129,E002244,18.1,598187.38
3130,E002245,29.4,0.0
3138,E002246,33.5,0.0
3141,E002247,19.9,997392.09
3142,E002248,25.5,1311547.13
3143,E002249,60.9,8059157.1
3144,E002250,11.8,0.0
3147,E002251,16.2,0.0
3148,E002252,26.4,0.0
3152,E002253,28.1,722107.78
3153,E002254,23.7,0.0
3156,E002255,26.7,1052333.85
3156,E002256,73.3,2635650.11
3158,E002257,21.1,0.0
3159,E002258,66.8,5703817.47
3162,E002259,34.9,3517504.15
3165,E002260,47.9,0.0
3169,E002261,13.4,0.0
3170,E002262,10.5,0.0
3170,E002265,22.1,0.0
3170,E002266,48.9,24031789.34
3170,E002264,45.6,0.0
3170,E002263,79.8,3302810.73
3171,E002267,35.3,11908220.8
3174,E002268,64.0,25016042.26
3174,E002269,14.6,0.0
3175,E002270,33.7,1513676.17
3177,E002272,23.8,393638.43
3177,E002271,57.1,8644251.73
3181,E002274,14.8,0.0
3181,E002273,20.0,0.0
3182,E002275,13.7,409380.35
3183,E002276,39.0,1587470.65
3189,E002277,65.4,282539.96
3192,E002278,28.3,6592210.61
3192,E002279,45.7,5467835.28
3194,E002280,9.6,0.0
3198,E002282,103.6,62491873.17
3198,E002281,76.6,6605531.39
3201,E002283,17.3,0.0
3204,E002284,47.5,1077707.71
3206,E002285,58.7,332784.82
3206,E002286,53.8,707345.51
3207,E002287,60.2,0.0
3209,E002288,55.7,449305.41
3209,E002289,65.1,30253315.95
3213,E002291,17.6,0.0
3213,E002290,58.1,20125767.58
3213,E002293,48.8,2179171.92
3213,E002292,19.7,0.0
3215,E002294,81.6,637915.52
3215,E002295,64.6,23172368.01
3216,E002296,17.2,517962.99
3220,E002298,83.4,2925053.25
3220,E002297,9.8,437960.49
3226,E002299,18.5,4291878.22
3228,E002300,18.6,0.0
3228,E002301,20.8,0.0
3230,E002303,45.2,4650356.16
3230,E002302,26.2,0.0
3231,E002304,16.1,0.0
3232,E002305,46.0,1134585.85
3233,E002306,52.2,0.0
3237,E002308,37.6,0.0
3237,E002307,6.6,0.0
3242,E002310,46.3,18342706.12
3242,E002309,43.0,314236.86
3243,E002311,44.7,1744762.84
3245,E002312,20.7,0.0
3246,E002313,21.1,542963.06
3247,E002314,24.9,0.0
3248,E002315,11.3,0.0
3249,E002316,47.1,0.0
3250,E002317,33.2,6455814.0
3253,E002318,9.0,0.0
3256,E002319,38.2,7263619.32
3257,E002320,41.1,6237331.83
3261,E002322,42.7,1332371.99
3261,E002321,17.5,0.0
3262,E002324,47.8,7346599.85
3262,E002323,97.9,1809399.14
3263,E002325,11.1,0.0
3265,E002327,5.5,0.0
3265,E002326,41.3,0.0
3267,E002328,29.1,0.0
3268,E002329,42.9,311271.41
3270,E002330,16.6,0.0
3271,E002332,14.8,0.0
3271,E002331,32.8,0.0
3272,E002333,11.8,0.0
3273,E002334,58.9,4668491.78
3276,E002336,15.5,0.0
3276,E002335,41.8,4143832.53
3276,E002337,75.2,20782178.81
3282,E002338,72.5,2275784.87
3284,E002339,7.5,0.0
3284,E002340,67.5,11399440.02
3287,E002341,58.0,613252.58
3288,E002342,19.2,0.0
3288,E002343,36.3,2815891.34
3289,E002344,57.1,0.0
3291,E002345,35.0,1001236.23
3292,E002346,23.4,0.0
3293,E002347,27.4,0.0
3294,E002348,35.2,1669501.18
3294,E002349,24.4,805373.31
3294,E002350,95.7,10517019.43
3295,E002351,9.8,0.0
3298,E002352,46.8,211859.18
3299,E002353,36.4,1636704.29
3303,E002354,24.8,0.0
3306,E002355,58.8,4104647.46
3307,E002356,21.0,549699.57
3307,E002358,27.7,0.0
3307,E002357,60.3,334512.57
3308,E002359,68.9,1399899.18
3310,E002360,45.0,0.0
3311,E002361,88.6,12111261.45
3311,E002362,28.8,1425771.78
3316,E002364,17.3,461439.87
3316,E002363,24.6,2870375.09
3318,E002365,62.0,1457197.83
3319,E002366,37.1,3608534.33
3322,E002367,18.8,1727838.84
3322,E002368,55.2,8103939.64
3323,E002369,19.6,0.0
3327,E002370,25.8,0.0
3330,E002371,51.2,27887017.01
3330,E002372,82.2,21793174.08
3331,E002373,60.9,5436923.25
3332,E002374,,0.0
3334,E002375,16.9,632259.45
3334,E002376,73.9,34467981.66
3335,E002377,66.6,0.0
3335,E002378,44.4,10041374.74
3336,E002380,42.1,13654573.2
3336,E002379,13.0,0.0
3339,E002382,51.1,980538.08
3339,E002381,19.1,0.0
3340,E002384,33.4,0.0
3340,E002385,39.0,830449.14
3340,E002383,19.5,0.0
3341,E002386,27.0,0.0
3343,E002387,19.8,689961.38
3343,E002388,8.9,0.0
3346,E002390,46.7,0.0
3346,E002389,33.7,4304703.2
3347,E002391,42.8,0.0
3348,E002392,111.6,27118925.2
3349,E002393,22.6,599231.04
3349,E002394,19.5,747257.0
3350,E002395,82.4,4957422.74
3355,E002396,22.0,0.0
3356,E002397,44.8,1738898.97
3358,E002398,107.9,24439005.8
3358,E002399,29.9,5923840.61
3359,E002400,26.2,1044360.81
3360,E002401,29.2,0.0
3363,E002403,9.8,0.0
3363,E002402,60.0,1029205.41
3366,E002404,24.9,1303789.05
3369,E002405,31.6,2263665.31
3371,E002406,42.4,1123094.77
3374,E002407,29.3,0.0
3374,E002408,45.7,0.0
3377,E002409,22.8,0.0
3377,E002411,29.8,0.0
3377,E002412,38.3,0.0
3377,E002410,35.0,765733.26
3379,E002413,28.6,4926472.57
3381,E002414,29.7,0.0
3384,E002415,50.0,892268.79
3386,E002416,27.9,0.0
3389,E002417,27.7,3569479.74
3391,E002418,44.3,0.0
3392,E002419,73.6,2820596.35
3393,E002420,42.6,0.0
3394,E002421,29.8,0.0
3397,E002422,48.3,0.0
3401,E002423,56.6,6727481.57
3405,E002424,45.3,0.0
3407,E002425,37.8,0.0
3408,E002426,20.1,0.0
3409,E002427,69.6,6588374.5
3411,E002428,17.7,0.0
3413,E002429,17.8,531006.87
3413,E002430,28.1,1414404.73
3414,E002431,18.9,1040930.17
3416,E002432,33.4,0.0
3419,E002433,20.3,0.0
3419,E002434,6.1,0.0
3420,E002435,16.2,367505.27
3421,E002437,24.8,634493.71
3421,E002436,38.9,0.0
3426,E002438,21.4,0.0
3426,E002439,46.2,7190895.79
3427,E002440,22.4,0.0
3431,E002441,30.8,792819.17
3435,E002442,23.9,0.0
3435,E002443,35.4,756187.94
3438,E002444,46.6,737810.09
3438,E002446,40.4,6679127.45
3438,E002445,37.6,0.0
3439,E002447,38.1,0.0
3440,E002448,41.9,1776896.52
3440,E002449,5.0,0.0
3441,E002451,10.6,0.0
3441,E002450,9.9,0.0
3445,E002452,39.3,1785021.14
3446,E002456,82.4,23722137.53
3446,E002454,52.1,794175.56
3446,E002453,31.1,1430312.35
3446,E002455,26.6,2340966.79
3448,E002458,10.0,0.0
3448,E002457,45.6,1248378.07
3449,E002459,33.6,1086355.18
3451,E002460,47.1,24199454.31
3452,E002461,44.4,809407.82
3453,E002463,46.4,0.0
3453,E002462,73.3,5624639.28
3454,E002464,42.5,0.0
3454,E002465,38.4,311841.66
3455,E002467,96.3,18830127.9
3455,E002466,18.7,489056.46
3458,E002468,17.1,0.0
3459,E002469,29.2,0.0
3460,E002470,29.3,0.0
3461,E002471,43.1,0.0
3462,E002472,65.5,8740486.63
3462,E002473,29.0,0.0
3463,E002474,50.5,7644096.14
3468,E002475,38.3,3771354.29
3471,E002476,15.6,0.0
3472,E002477,31.1,1924558.8
3474,E002478,48.9,3468130.1
3475,E002479,37.6,0.0
3475,E002481,55.1,1107018.71
3475,E002480,112.6,5128444.44
3476,E002482,42.2,0.0
3476,E002484,25.0,1119985.13
3476,E002483,30.4,268283.77
3476,E002485,17.2,0.0
3480,E002487,18.8,0.0
3480,E002486,36.6,0.0
3483,E002488,59.7,197830.73
3486,E002490,33.6,968217.45
3486,E002489,47.4,5966867.75
3487,E002491,47.8,1123922.9
3489,E002492,17.5,0.0
3491,E002493,16.3,0.0
3498,E002494,69.2,1781584.13
3499,E002495,38.7,5621424.26
3500,E002496,7.2,0.0
3501,E002497,29.5,0.0
3502,E002498,18.0,0.0
3506,E002499,32.4,0.0
3507,E002500,31.0,4210564.45
3509,E002501,37.9,0.0
3510,E002503,87.2,2274302.25
3510,E002502,34.2,0.0
3516,E002504,11.8,0.0
3517,E002506,35.4,0.0
3517,E002505,16.7,0.0
3518,E002507,16.0,0.0
3519,E002508,29.5,0.0
3521,E002511,11.4,0.0
3521,E002509,19.1,2473060.19
3521,E002510,71.7,18551676.96
3522,E002512,47.4,2048952.48
3523,E002513,61.9,5983735.28
3524,E002514,21.0,0.0
3524,E002515,21.1,668797.92
3528,E002516,63.5,3457072.13
3534,E002517,26.4,0.0
3535,E002518,20.3,450404.54
3536,E002519,33.2,0.0
3538,E002520,12.4,0.0
3539,E002521,48.7,3120720.59
3545,E002522,32.9,0.0
3546,E002523,37.6,7933087.72
3547,E002524,51.0,1357996.09
3547,E002525,9.0,0.0
3549,E002526,43.0,0.0
3550,E002527,40.9,2900789.8
3551,E002528,21.8,0.0
3552,E002529,24.6,0.0
3555,E002530,37.0,0.0
3556,E002531,22.7,0.0
3557,E002532,39.9,1495906.76
3561,E002533,19.4,0.0
3561,E002534,55.9,3655791.73
3565,E002535,26.6,0.0
3567,E002536,14.6,0.0
3568,E002537,20.0,777422.61
3569,E002538,16.2,626036.92
3570,E002539,20.6,796671.5
3571,E002540,18.6,0.0
3574,E002541,18.6,0.0
3579,E002542,37.2,1669964.59
3582,E002543,13.7,0.0
3583,E002544,19.5,0.0
3585,E002545,45.1,1083950.24
3585,E002546,16.8,0.0
3586,E002548,29.2,0.0
3586,E002547,16.7,0.0
3589,E002549,57.0,19092545.52
3591,E002550,12.8,0.0
3592,E002552,54.5,3182416.58
3592,E002551,16.5,0.0
3593,E002554,93.8,6458069.29
3593,E002553,18.6,0.0
3594,E002555,40.7,8817990.06
3594,E002556,9.7,0.0
3596,E002557,42.3,1876011.67
3601,E002558,64.7,0.0
3602,E002559,16.5,0.0
3603,E002560,55.3,13820944.16
3604,E002561,30.4,0.0
3605,E002562,34.3,2013984.92
3605,E002563,44.6,0.0
3607,E002564,14.3,619160.46
3609,E002565,74.1,4142840.14
3610,E002566,35.8,0.0
3611,E002567,40.2,0.0
3614,E002568,10.6,649682.65
3616,E002569,11.7,0.0
3618,E002570,56.6,4765468.85
3619,E002571,27.8,1555235.82
3622,E002572,13.1,0.0
3623,E002573,23.0,478354.24
3624,E002574,18.6,0.0
3626,E002575,23.2,0.0
3635,E002576,13.2,0.0
3635,E002577,25.1,0.0
3636,E002578,84.1,4194603.78
3640,E002579,50.3,4291659.79
3640,E002580,58.3,0.0
3641,E002583,42.5,
3641,E002582,34.7,0.0
3641,E002581,19.0,403537.99
3642,E002584,41.9,0.0
3643,E002585,19.7,2056227.41
3643,E002586,42.1,15716040.71
3645,E002587,55.6,0.0
3647,E002588,42.5,1927991.74
3650,E002589,58.8,8987444.72
3653,E002590,28.1,1322790.61
3654,E002591,14.2,0.0
3654,E002592,24.7,0.0
3655,E002593,39.8,238019.34
3656,E002594,19.3,384206.55
3656,E002595,15.7,551814.81
3657,E002596,11.0,0.0
3657,E002597,29.1,1031026.1
3658,E002598,26.3,0.0
3664,E002599,37.3,4695734.88
3665,E002601,22.8,0.0
3665,E002600,50.3,0.0
3665,E002602,20.7,0.0
3666,E002603,33.9,14574529.67
3667,E002604,65.6,3101022.85
3670,E002605,25.6,634338.12
3673,E002606,27.5,517672.65
3673,E002607,65.8,2562295.63
3674,E002608,12.5,0.0
3681,E002609,20.8,0.0
3683,E002610,23.3,0.0
3684,E002611,40.5,10095707.51
3684,E002613,33.0,0.0
3684,E002612,28.8,1676463.29
3685,E002614,15.9,0.0
3686,E002615,18.7,0.0
3686,E002616,27.2,1108708.52
3687,E002617,78.7,11838993.61
3688,E002618,49.8,1432397.54
3690,E002619,45.9,0.0
3693,E002621,57.0,0.0
3693,E002620,29.3,0.0
3696,E002622,31.5,1641556.17
3697,E002623,42.4,247622.92
3697,E002624,10.2,0.0
3698,E002626,54.2,1798126.45
3698,E002625,34.8,1693449.75
3701,E002627,52.4,2453338.59
3701,E002628,45.7,0.0
3703,E002629,44.7,1504429.46
3706,E002630,55.7,12874567.06
3711,E002631,10.6,0.0
3715,E002633,10.5,0.0
3715,E002632,13.1,0.0
3717,E002634,14.6,0.0
3719,E002635,54.5,0.0
3720,E002636,18.5,0.0
3720,E002637,80.9,1208377.01
3721,E002639,51.3,1159508.01
3721,E002638,31.1,1064480.83
3722,E002640,50.9,0.0
3722,E002641,65.1,12388374.8
3725,E002642,16.4,0.0
3730,E002643,81.2,4739919.07
3731,E002645,21.8,251131.3
3731,E002644,29.0,1258325.3
3732,E002646,84.9,6716343.07
3734,E002647,49.9,0.0
3736,E002648,38.9,2085997.86
3737,E002649,73.0,4744427.69
3740,E002650,22.8,0.0
3742,E002651,33.1,0.0
3742,E002652,127.1,44933022.77
3744,E002653,26.7,0.0
3744,E002654,82.3,4785264.99
3751,E002655,43.5,208962.59
3753,E002656,80.7,22052187.72
3753,E002657,16.8,0.0
3755,E002658,51.9,2393596.74
3756,E002659,25.0,509271.84
3756,E002660,16.2,0.0
3757,E002661,17.9,0.0
3761,E002662,50.9,9629018.86
3766,E002663,20.1,0.0
3772,E002665,32.7,1119156.91
3772,E002664,44.8,7139173.98
3773,E002666,106.0,18837568.81
3774,E002667,131.1,3790415.03
3776,E002668,35.1,0.0
3778,E002669,25.8,0.0
3779,E002670,15.9,0.0
3781,E002671,29.4,0.0
3783,E002672,21.0,0.0
3784,E002674,62.8,11351030.42
3784,E002673,28.5,0.0
3785,E002675,58.6,1045152.76
3786,E002676,31.6,0.0
3793,E002677,50.3,10250373.62
3796,E002679,146.4,42143155.55
3796,E002678,71.4,23665351.8
3799,E002680,5.0,0.0
3801,E002681,38.9,2565786.13
3802,E002683,19.4,255309.64
3802,E002682,66.4,792662.47
3802,E002684,33.7,0.0
3804,E002686,33.9,0.0
3804,E002685,75.9,5387017.66
3806,E002687,3.9,0.0
3809,E002688,23.6,0.0
3810,E002689,26.2,0.0
3810,E002690,11.5,0.0
3811,E002691,22.5,1510432.81
3812,E002692,15.9,0.0
3812,E002693,34.7,515137.58
3814,E002694,56.2,1442014.29
3815,E002695,23.6,0.0
3817,E002696,37.3,0.0
3818,E002697,20.9,0.0
3819,E002699,35.7,2477812.84
3819,E002698,13.4,0.0
3822,E002701,11.4,0.0
3822,E002700,42.0,13430637.93
3823,E002702,22.4,3913770.49
3824,E002703,41.0,3673258.24
3824,E002704,65.4,3250372.54
3824,E002705,27.6,794487.65
3826,E002706,14.9,0.0
3828,E002707,31.4,0.0
3829,E002708,45.9,8142106.21
3831,E002709,39.1,4190202.17
3832,E002710,11.5,0.0
3833,E002712,108.1,28225148.47
3833,E002711,52.5,9451063.1
3834,E002713,50.6,12496140.27
3835,E002714,46.9,0.0
3837,E002715,25.2,875424.85
3837,E002716,37.0,889473.53
3838,E002717,66.8,12458631.59
3839,E002718,45.3,0.0
3840,E002719,13.3,1425141.04
3840,E002720,10.9,0.0
3844,E002721,25.9,0.0
3845,E002723,26.0,0.0
3845,E002722,18.6,0.0
3845,E002724,50.9,11306619.54
3848,E002725,11.5,0.0
3850,E002726,15.0,0.0
3850,E002727,39.9,245859.61
3851,E002728,26.5,0.0
3854,E002729,26.0,0.0
3858,E002730,18.1,900451.2
3859,E002731,21.9,0.0
3860,E002732,48.1,1326846.38
3860,E002733,58.4,204987.89
3860,E002734,37.2,800089.13
3864,E002735,37.9,864892.6
3865,E002737,32.7,1070876.48
3865,E002736,56.0,10465091.66
3865,E002739,18.8,0.0
3865,E002738,22.6,0.0
3871,E002740,28.2,0.0
3872,E002742,13.1,0.0
3872,E002741,23.5,0.0
3874,E002743,13.2,0.0
3875,E002744,26.7,850642.28
3876,E002745,38.6,0.0
3881,E002746,35.6,2736849.75
3882,E002749,35.5,2790512.79
3882,E002748,33.8,1762926.79
3882,E002747,14.3,0.0
3886,E002750,25.7,568524.04
3887,E002752,16.8,0.0
3887,E002751,54.8,543870.7
3888,E002754,11.9,0.0
3888,E002753,73.9,3378775.78
3888,E002755,23.6,3801352.47
3889,E002756,59.7,6920041.3
3891,E002757,55.5,9401738.17
3892,E002760,36.1,6516708.09
3892,E002758,11.9,0.0
3892,E002759,14.0,0.0
3893,E002761,32.0,0.0
3894,E002762,44.5,9724317.05
3894,E002763,55.2,0.0
3896,E002764,23.8,0.0
3899,E002765,35.0,0.0
3901,E002766,24.5,546949.84
3901,E002767,62.5,0.0
3902,E002768,16.9,0.0
3904,E002769,60.6,2884300.36
3912,E002770,44.1,1031262.92
3914,E002771,41.5,0.0
3916,E002772,40.1,2051859.02
3919,E002773,11.4,0.0
3920,E002774,15.4,0.0
3921,E002776,27.3,576460.88
3921,E002777,72.4,2684245.42
3921,E002775,28.0,689107.14
3922,E002778,74.8,56923057.2
3923,E002780,84.0,344260.12
3923,E002779,11.8,444319.75
3924,E002781,21.2,0.0
3926,E002783,40.1,1101259.15
3926,E002782,37.8,0.0
3928,E002784,50.4,489671.75
3930,E002785,76.5,19755032.64
3931,E002786,22.6,0.0
3932,E002787,57.5,237598.19
3935,E002788,13.3,0.0
3937,E002789,18.8,0.0
3937,E002790,41.9,1430614.49
3945,E002791,75.4,7696971.99
3945,E002792,54.5,10986082.1
3948,E002793,41.2,5708152.34
3951,E002795,22.8,465983.82
3951,E002794,97.2,12387247.14
3952,E002796,19.7,1957447.21
3956,E002797,22.9,0.0
3958,E002798,19.5,0.0
3958,E002799,27.9,0.0
3959,E002802,95.8,41525164.76
3959,E002800,50.4,0.0
3959,E002803,28.5,1759365.43
3959,E002801,14.8,1382624.21
3960,E002804,59.5,343933.31
3961,E002806,50.2,18033824.97
3961,E002805,51.5,2674948.0
3962,E002807,17.2,0.0
3963,E002808,35.9,0.0
3964,E002811,41.1,0.0
3964,E002809,45.3,3204171.24
3964,E002810,35.5,0.0
3965,E002812,19.3,0.0
3966,E002813,13.4,634834.86
3969,E002814,18.6,476728.21
3975,E002815,9.7,0.0
3976,E002816,61.5,20078943.12
3977,E002817,34.7,0.0
3978,E002818,107.9,9025866.91
3983,E002819,20.6,0.0
3985,E002821,23.5,0.0
3985,E002820,37.7,0.0
3986,E002822,62.5,43095327.91
3987,E002823,37.9,4943090.99
3989,E002826,6.5,0.0
3989,E002825,54.9,7943433.63
3989,E002824,20.4,437006.86
3990,E002827,12.2,0.0
3994,E002828,39.0,0.0
3994,E002829,23.8,2255671.41
4000,E002830,10.2,0.0
4006,E002831,56.3,1607475.58
4008,E002832,20.5,0.0
4008,E002833,50.9,7732902.83
4009,E002834,17.3,571796.84
4012,E002836,26.8,5365024.73
4012,E002835,27.7,0.0
4013,E002837,18.6,1092496.44
4013,E002838,56.2,0.0
4014,E002839,17.3,0.0
4016,E002840,34.4,0.0
4017,E002841,45.5,6362240.34
4018,E002842,29.5,0.0
4019,E002843,78.4,7450450.72
4019,E002844,32.3,2593247.25
4020,E002846,22.6,1334908.08
4020,E002845,15.9,0.0
4021,E002847,70.4,1385011.3
4030,E002848,106.2,3309584.22
4032,E002849,44.6,0.0
4032,E002850,52.2,4251738.59
4036,E002851,76.1,3277129.21
4040,E002852,20.2,1193561.63
4042,E002853,14.4,0.0
4043,E002854,27.9,635721.17
4045,E002855,68.4,2054403.69
4048,E002856,39.5,0.0
4049,E002857,25.6,1014194.15
4050,E002858,18.3,451491.88
4050,E002859,22.0,1525650.37
4052,E002860,25.7,0.0
4053,E002861,68.3,20405211.51
4055,E002862,35.7,3087191.47
4056,E002863,39.1,0.0
4056,E002864,12.9,0.0
4057,E002865,25.6,0.0
4058,E002866,71.4,17442647.38
4059,E002867,79.1,53514945.76
4060,E002868,28.3,4849154.96
4061,E002869,24.1,0.0
4061,E002870,29.2,2054665.21
4061,E002871,96.0,8926012.41
4062,E002873,12.7,386760.67
4062,E002872,15.9,0.0
4063,E002874,17.0,0.0
4065,E002875,40.6,0.0
4066,E002876,25.4,516092.34
4068,E002877,55.5,0.0
4069,E002878,20.0,0.0
4070,E002879,32.4,0.0
4071,E002881,21.3,1045471.9
4071,E002880,37.3,0.0
4074,E002882,25.1,0.0
4080,E002884,26.3,0.0
4080,E002883,27.9,1895709.18
4081,E002885,19.2,0.0
4083,E002886,35.5,3308933.26
4084,E002888,23.5,528231.41
4084,E002887,68.1,309125.13
4085,E002889,20.3,0.0
4086,E002890,99.8,33045497.63
4086,E002891,22.0,782412.69
4089,E002892,10.4,0.0
4095,E002893,40.8,912073.2
4098,E002894,100.4,5264069.1
4099,E002895,52.0,7801970.0
4101,E002896,25.9,393129.17
4102,E002897,23.6,0.0
4103,E002898,15.3,4648303.35
4104,E002899,33.4,0.0
4105,E002901,66.0,2948575.03
4105,E002900,91.7,5705956.09
4108,E002902,29.5,2231156.78
4108,E002904,17.3,0.0
4108,E002903,35.2,3073355.08
4110,E002905,21.6,0.0
4111,E002906,38.3,0.0
4113,E002907,26.8,1073386.13
4113,E002908,14.7,0.0
4114,E002909,25.6,1884877.95
4115,E002910,34.2,1801016.92
4116,E002911,75.1,5232779.88
4117,E002912,17.4,0.0
4117,E002913,26.5,0.0
4118,E002915,32.9,737458.68
4118,E002914,16.8,0.0
4121,E002916,124.8,30566545.08
4122,E002917,14.9,0.0
4122,E002918,11.5,749872.02
4123,E002919,56.5,321529.04
4125,E002920,11.0,0.0
4126,E002921,64.9,19903384.78
4127,E002922,14.8,0.0
4128,E002925,78.7,3648362.62
4128,E002923,54.9,16446774.97
4128,E002924,39.5,1423479.34
4129,E002927,12.4,0.0
4129,E002926,19.0,739989.35
4133,E002929,21.1,2083306.56
4133,E002928,13.6,0.0
4134,E002930,75.9,662069.68
4135,E002931,40.4,0.0
4137,E002932,7.5,0.0
4137,E002933,45.0,0.0
4138,E002934,61.1,4821574.25
4138,E002935,49.2,5506594.86
4139,E002936,79.6,55432166.65
4141,E002937,17.3,452099.54
4141,E002938,29.5,0.0
4143,E002939,59.8,5944252.12
4143,E002940,33.9,756045.92
4148,E002941,41.5,13039215.2
4154,E002942,15.3,0.0
4156,E002943,28.9,2689866.17
4157,E002944,63.0,3038697.3
4158,E002945,16.9,3038981.12
4159,E002946,52.5,9720339.92
4159,E002947,62.4,767518.58
4159,E002948,9.0,0.0
4164,E002949,61.4,1922470.76
4165,E002950,50.7,5078306.07
4167,E002951,22.8,0.0
4169,E002952,12.5,0.0
4171,E002953,87.7,14873984.76
4172,E002954,36.9,13812738.83
4174,E002955,12.2,0.0
4175,E002956,5.3,0.0
4178,E002957,20.3,0.0
4179,E002959,52.8,12392737.94
4179,E002958,28.7,658597.99
4183,E002960,50.6,1599192.2
4184,E002962,79.6,1689232.53
4184,E002961,103.3,45900098.16
4185,E002963,78.0,29998760.64
4186,E002964,22.2,379427.67
4186,E002965,60.3,920057.09
4187,E002967,46.6,0.0
4187,E002966,20.8,0.0
4188,E002968,37.3,0.0
4192,E002969,30.0,0.0
4192,E002970,106.0,9347121.99
4193,E002971,20.5,0.0
4194,E002972,31.9,2191915.31
4194,E002973,73.8,1674874.06
4195,E002974,74.7,1259472.76
4198,E002977,17.6,0.0
4198,E002976,25.2,725604.52
4198,E002975,50.3,5967443.56
4199,E002978,53.6,1257661.16
4203,E002979,40.3,1838761.36
4204,E002980,75.9,4981399.54
4206,E002981,34.9,355700.08
4207,E002982,48.1,1697300.0
4208,E002983,8.2,0.0
4209,E002984,50.2,2808136.57
4211,E002986,12.9,0.0
4211,E002985,26.4,2524421.04
4212,E002987,32.9,771872.43
4216,E002988,29.5,0.0
4216,E002989,40.2,0.0
4217,E002990,30.8,0.0
4222,E002992,46.1,4258142.7
4222,E002991,27.3,820150.61
4224,E002993,6.7,0.0
4225,E002994,16.5,0.0
4227,E002996,55.8,6091328.95
4227,E002995,63.2,12692144.55
4229,E002997,39.4,0.0
4230,E002998,30.4,2093882.8
4232,E002999,30.6,0.0
4232,E003000,50.8,4697315.04
4235,E003002,,3895508.86
4235,E003001,25.3,0.0
4236,E003003,39.0,1073562.13
4238,E003004,32.3,0.0
4239,E003005,32.3,2769840.24
4241,E003006,69.4,11242936.72
4245,E003007,107.0,33598162.94
4245,E003008,31.4,0.0
4247,E003009,32.9,0.0
4248,E003010,28.2,0.0
4249,E003011,38.1,0.0
4256,E003012,16.6,0.0
4257,E003013,48.1,4668836.17
4258,E003014,11.5,0.0
4261,E003015,37.6,2015204.4
4262,E003016,71.1,42487860.25
4264,E003017,28.9,0.0
4266,E003018,29.2,0.0
4266,E003019,26.3,0.0
4269,E003020,50.8,5502211.24
4270,E003021,15.3,0.0
4273,E003022,18.8,540779.66
4273,E003024,19.5,0.0
4273,E003023,44.7,10941366.78
4274,E003025,20.5,0.0
4274,E003026,80.4,12732514.87
4275,E003027,37.1,11337953.8
4276,E003028,25.6,0.0
4277,E003029,26.1,0.0
4278,E003030,63.7,2537171.95
4278,E003031,20.7,0.0
4278,E003032,19.8,0.0
4279,E003033,29.9,0.0
4281,E003034,21.3,8109389.95
4283,E003035,43.2,4741080.54
4283,E003036,24.5,0.0
4294,E003037,75.9,40488894.92
4294,E003038,18.7,0.0
4295,E003039,23.8,0.0
4297,E003040,42.2,0.0
4299,E003041,18.3,0.0
4303,E003042,16.1,0.0
4305,E003044,15.0,0.0
4305,E003043,122.7,38271024.69
4306,E003045,74.1,9845503.82
4307,E003046,70.2,770004.76
4308,E003047,25.5,1524428.43
4309,E003048,33.6,0.0
4312,E003049,30.4,2576975.03
4312,E003050,74.5,21148104.67
4313,E003051,57.3,19167319.89
4313,E003052,45.4,324275.11
4315,E003053,14.1,0.0
4315,E003054,64.8,7909649.05
4316,E003055,37.1,0.0
4318,E003056,24.5,0.0
4319,E003057,25.6,0.0
4320,E003058,10.6,0.0
4321,E003059,77.9,8439208.04
4322,E003060,47.4,385742.65
4324,E003061,38.3,909950.39
4324,E003062,23.4,2537233.55
4325,E003063,57.8,11006156.11
4328,E003064,52.9,390112.93
4329,E003065,60.7,4149213.93
4330,E003067,80.5,6411303.93
4330,E003066,23.3,1156674.58
4330,E003068,34.9,0.0
4331,E003069,40.9,1427152.94
4334,E003070,19.3,480732.45
4335,E003071,21.5,0.0
4336,E003072,19.9,3525560.52
4340,E003073,35.7,1332001.93
4344,E003074,12.0,0.0
4344,E003076,12.8,0.0
4344,E003075,23.0,0.0
4346,E003077,18.3,0.0
4348,E003078,37.3,0.0
4348,E003079,71.2,950701.61
4350,E003080,38.2,0.0
4351,E003081,41.2,0.0
4352,E003082,37.5,0.0
4354,E003083,42.8,344297.41
4356,E003084,15.1,0.0
4357,E003085,28.7,0.0
4367,E003086,18.6,0.0
4368,E003087,43.6,2030143.47
4373,E003088,43.5,4881479.16
4375,E003090,41.0,6458711.6
4375,E003089,44.3,8720171.76
4379,E003091,80.4,7340377.15
4381,E003092,58.9,10639103.58
4383,E003093,30.5,2229207.57
4384,E003094,18.3,0.0
4386,E003095,33.8,0.0
4387,E003097,5.0,0.0
4387,E003096,64.1,16092973.98
4389,E003098,8.3,0.0
4390,E003099,43.0,0.0
4390,E003100,42.1,4107535.03
4390,E003101,52.4,739556.27
4391,E003102,32.5,821461.72
4395,E003103,50.5,2992863.08
4395,E003104,16.7,0.0
4396,E003105,58.0,0.0
4397,E003107,7.5,0.0
4397,E003106,14.6,0.0
4398,E003109,46.4,5397468.83
4398,E003108,28.7,4994879.13
4403,E003110,28.8,0.0
4405,E003111,45.6,2343995.52
4405,E003112,13.3,0.0
4406,E003113,4.9,0.0
4406,E003114,17.9,0.0
4408,E003115,46.0,224358.65
4411,E003116,20.7,0.0
4411,E003118,58.3,10508358.02
4411,E003117,41.9,0.0
4415,E003120,27.8,1490590.65
4415,E003119,15.3,0.0
4416,E003121,30.8,4604224.75
4416,E003122,18.4,0.0
4418,E003123,24.3,741793.29
4419,E003124,21.9,0.0
4421,E003126,54.1,7599484.39
4421,E003125,41.2,0.0
4424,E003127,43.0,252464.37
4425,E003128,41.6,305608.54
4426,E003129,21.3,1865020.63
4427,E003130,62.4,14534435.79
4429,E003131,6.6,0.0
4429,E003132,84.4,3999909.55
4432,E003133,15.9,0.0
4432,E003134,26.8,1135287.75
4432,E003135,58.8,745857.27
4433,E003136,14.1,0.0
4434,E003137,20.6,573285.45
4435,E003138,45.0,0.0
4437,E003139,11.7,0.0
4439,E003140,66.1,22930445.23
4439,E003141,14.5,0.0
4440,E003142,23.2,0.0
4443,E003143,44.2,441853.07
4444,E003144,16.0,0.0
4446,E003145,23.3,0.0
4448,E003146,14.0,0.0
4448,E003147,36.4,0.0
4449,E003148,29.9,0.0
4451,E003149,25.1,19416285.54
4451,E003150,44.9,1206535.25
4454,E003151,20.5,0.0
4454,E003152,24.8,4597034.23
4454,E003153,10.1,0.0
4457,E003154,65.2,31337100.05
4458,E003155,35.9,1428310.08
4459,E003156,45.8,0.0
4459,E003158,42.8,0.0
4459,E003157,49.1,10076499.26
4460,E003159,38.2,21533559.03
4463,E003160,60.1,3079328.42
4464,E003161,46.0,0.0
4465,E003162,39.7,2055552.51
4466,E003163,9.1,0.0
4467,E003164,6.8,0.0
4468,E003165,108.2,12762279.18
4469,E003166,95.7,48719462.45
4470,E003167,75.7,3305989.91
4472,E003168,55.2,1412552.66
4474,E003169,25.5,0.0
4474,E003170,51.9,0.0
4475,E003171,33.6,2460131.1
4476,E003172,39.1,395665.44
4476,E003173,77.7,18717986.47
4478,E003175,49.9,0.0
4478,E003174,54.4,0.0
4479,E003176,50.0,236750.82
4480,E003178,54.6,307614.29
4480,E003177,51.0,1082737.93
4483,E003179,83.9,6377731.11
4484,E003180,62.6,1615066.2
4486,E003181,13.1,0.0
4488,E003182,15.4,0.0
4489,E003183,13.5,619458.25
4491,E003184,9.4,0.0
4492,E003185,47.5,2760644.87
4492,E003187,43.5,0.0
4492,E003186,80.2,47896577.21
4493,E003188,20.7,0.0
4494,E003189,45.7,1821434.67
4494,E003190,53.1,0.0
4496,E003191,94.2,14218611.63
4498,E003192,50.4,525127.68
4499,E003195,31.3,10442194.14
4499,E003197,27.0,1475437.14
4499,E003193,69.4,5848926.22
4499,E003194,82.3,58304981.41
4499,E003196,7.5,0.0
4501,E003198,29.3,2252160.11
4505,E003199,55.8,328167.24
4507,E003200,38.5,0.0
4507,E003201,32.5,0.0
4508,E003202,14.1,0.0
4509,E003204,15.6,0.0
4509,E003203,27.1,1011729.06
4510,E003205,21.1,412539.53
4511,E003206,16.3,0.0
4512,E003207,23.7,0.0
4514,E003208,38.9,10424881.15
4514,E003209,25.0,0.0
4516,E003210,11.1,0.0
4520,E003211,27.2,0.0
4520,E003212,31.1,0.0
4522,E003213,42.1,14737425.89
4523,E003214,25.4,0.0
4524,E003215,35.1,0.0
4525,E003216,40.7,514779.44
4525,E003217,20.5,0.0
4529,E003219,13.0,705203.43
4529,E003218,43.5,4637050.24
4530,E003220,36.9,1642586.55
4533,E003222,19.4,459045.83
4533,E003221,13.9,0.0
4535,E003224,36.9,3149175.6
4535,E003223,16.4,0.0
4535,E003225,50.1,5194822.46
4537,E003226,15.2,0.0
4539,E003228,31.7,0.0
4539,E003227,18.6,0.0
4540,E003229,43.6,0.0
4542,E003230,17.2,598162.4
4544,E003231,38.8,0.0
4552,E003232,33.7,2563060.28
4553,E003233,21.8,0.0
4555,E003236,50.9,254298.42
4555,E003235,15.0,0.0
4555,E003234,42.1,4986127.23
4562,E003237,19.4,0.0
4565,E003239,23.9,0.0
4565,E003238,12.0,0.0
4566,E003240,22.7,0.0
4570,E003241,33.8,5480727.4
4570,E003242,25.8,0.0
4571,E003243,22.5,0.0
4576,E003244,10.9,0.0
4577,E003245,122.8,31784026.58
4578,E003248,59.9,263374.94
4578,E003247,41.4,0.0
4578,E003246,57.8,2752701.82
4581,E003250,16.6,0.0
4581,E003249,49.1,707885.09
4582,E003251,44.7,6330957.2
4583,E003252,40.0,1068424.23
4584,E003253,70.7,4036471.97
4585,E003254,30.9,1811755.87
4593,E003256,53.6,1115940.33
4593,E003255,31.8,0.0
4595,E003257,21.4,702797.07
4601,E003258,37.6,12943365.36
4607,E003259,58.8,5147525.2
4608,E003260,40.3,2805137.5
4610,E003261,33.2,7241015.25
4612,E003262,60.2,3567322.39
4613,E003264,74.1,8750473.58
4613,E003263,54.4,13228845.72
4614,E003265,53.2,1882291.04
4616,E003266,12.6,0.0
4619,E003267,29.1,0.0
4623,E003268,60.8,17387385.8
4630,E003269,15.1,0.0
4637,E003270,30.3,1822934.37
4641,E003271,24.4,0.0
4642,E003273,30.5,0.0
4642,E003272,25.9,0.0
4644,E003274,25.1,0.0
4645,E003275,45.3,6516542.62
4647,E003277,22.7,0.0
4647,E003276,32.3,0.0
4648,E003279,11.2,0.0
4648,E003278,19.3,493509.89
4648,E003280,23.1,2191059.35
4649,E003281,32.2,-2500000.0
4649,E003282,38.6,2328160.45
4652,E003284,29.0,0.0
4652,E003283,41.0,1799400.22
4653,E003285,33.7,0.0
4653,E003286,32.4,0.0
4656,E003287,42.8,3480301.77
4659,E003288,62.0,37358609.45
4666,E003289,16.5,0.0
4666,E003290,29.2,4261354.94
4666,E003291,58.1,4419975.52
4667,E003293,28.7,0.0
4667,E003292,37.2,1057710.1
4669,E003294,14.8,0.0
4670,E003295,26.1,0.0
4670,E003296,26.8,0.0
4671,E003297,22.4,0.0
4671,E003298,35.8,0.0
4677,E003300,39.8,0.0
4677,E003299,25.2,778584.66
4679,E003301,55.9,1375775.79
4680,E003303,22.7,0.0
4680,E003302,48.4,1155040.28
4683,E003304,45.2,773610.31
4685,E003306,35.7,356969.91
4685,E003305,31.7,0.0
4689,E003307,34.2,3006443.41
4689,E003308,45.5,251699.21
4691,E003309,94.0,15014147.71
4693,E003310,54.0,0.0
4694,E003311,17.6,0.0
4695,E003312,54.3,1231030.88
4701,E003313,28.9,0.0
4702,E003314,33.8,0.0
4702,E003315,27.3,1320426.87
4703,E003316,80.1,1004329.83
4704,E003318,71.9,19214882.67
4704,E003317,20.5,0.0
4705,E003320,28.5,2674689.65
4705,E003319,70.2,4369082.96
4707,E003322,12.1,543432.48
4707,E003321,13.9,0.0
4708,E003324,45.5,1419132.95
4708,E003323,25.8,0.0
4709,E003325,27.2,0.0
4714,E003326,52.9,7265984.75
4716,E003327,15.8,0.0
4717,E003329,20.1,0.0
4717,E003328,44.5,3193222.55
4719,E003330,19.2,505055.64
4719,E003331,41.1,274009.54
4721,E003332,19.3,477318.25
4721,E003333,30.5,0.0
4722,E003334,22.6,0.0
4726,E003335,26.0,0.0
4727,E003336,75.5,41747292.91
4728,E003337,102.8,9279911.75
4730,E003338,24.6,979824.54
4731,E003339,49.6,22433755.19
4733,E003340,34.9,0.0
4737,E003341,11.7,0.0
4738,E003342,13.3,3010823.77
4740,E003344,40.1,3061178.91
4740,E003343,95.5,12417221.35
4742,E003345,19.6,639450.28
4743,E003346,59.4,27892969.56
4744,E003347,90.0,3065308.14
4745,E003348,72.5,3109200.7
4747,E003349,52.0,10457847.01
4748,E003350,20.9,0.0
4753,E003351,51.7,2275949.97
4753,E003352,33.8,768811.12
4756,E003353,79.7,1879292.19
4757,E003354,30.8,2923280.0
4762,E003356,105.5,46078743.72
4762,E003355,9.1,0.0
4764,E003357,91.1,13425578.41
4766,E003358,12.1,0.0
4767,E003359,32.9,1123556.65
4769,E003360,44.4,0.0
4770,E003361,18.0,0.0
4772,E003362,17.7,1191353.36
4775,E003363,22.6,0.0
4777,E003364,37.4,1411085.47
4782,E003366,16.1,0.0
4782,E003365,29.4,2415832.41
4785,E003370,18.5,0.0
4785,E003369,26.9,0.0
4785,E003367,30.7,2443272.95
4785,E003368,18.8,0.0
4786,E003372,16.2,0.0
4786,E003371,63.9,2473938.09
4787,E003373,18.3,451486.44
4788,E003374,75.3,12473298.49
4789,E003375,19.6,0.0
4790,E003376,50.3,19671441.43
4791,E003377,36.7,0.0
4793,E003378,29.7,0.0
4794,E003379,48.9,2364343.6
4794,E003381,59.9,1269936.21
4794,E003380,19.4,0.0
4796,E003382,29.9,1425517.89
4798,E003383,7.9,0.0
4800,E003384,11.0,0.0
4804,E003385,77.6,0.0
4809,E003386,15.3,0.0
4811,E003388,72.2,2824374.05
4811,E003387,36.5,417774.73
4812,E003389,46.6,0.0
4814,E003390,35.7,5522791.27
4816,E003391,18.8,2264574.96
4817,E003392,26.6,1894577.85
4818,E003393,40.2,1981789.06
4821,E003394,13.7,409338.92
4823,E003396,10.2,0.0
4823,E003395,13.4,0.0
4824,E003397,14.4,0.0
4825,E003398,34.2,5823502.21
4826,E003399,11.0,0.0
4827,E003400,13.9,0.0
4828,E003401,12.8,0.0
4829,E003402,59.7,32670353.67
4829,E003403,25.4,1090797.99
4831,E003404,30.6,1946981.54
4832,E003405,33.0,2158220.88
4832,E003406,55.5,8626817.99
4833,E003407,26.2,0.0
4833,E003408,80.0,3366316.4
4834,E003409,48.2,2969753.39
4835,E003410,76.1,3411732.34
4836,E003412,57.2,5985949.87
4836,E003411,2.5,0.0
4837,E003413,4.9,0.0
4839,E003414,44.9,2345425.21
4840,E003415,27.0,1795190.96
4841,E003416,16.7,0.0
4843,E003417,72.9,2188557.35
4846,E003418,116.8,29483251.58
4846,E003420,75.4,5556547.21
4846,E003421,37.1,249712.13
4846,E003419,24.6,3407939.03
4847,E003422,20.3,0.0
4847,E003423,21.3,668661.25
4849,E003424,76.7,1357218.68
4851,E003426,20.5,0.0
4851,E003425,53.5,2406697.8
4852,E003427,73.5,9601467.18
4854,E003428,48.8,1742963.12
4855,E003429,56.7,675290.58
4857,E003430,30.3,2610355.35
4858,E003431,31.5,0.0
4859,E003432,7.9,0.0
4861,E003434,10.3,0.0
4861,E003433,26.7,0.0
4864,E003436,15.7,0.0
4864,E003435,117.4,62112557.01
4865,E003437,82.0,9098715.27
4866,E003438,29.7,0.0
4867,E003439,30.5,3711243.47
4869,E003440,18.8,480050.6
4870,E003441,34.2,811435.23
4873,E003442,31.3,0.0
4881,E003443,32.5,0.0
4882,E003444,54.6,199833.36
4887,E003445,22.7,2049139.95
4888,E003446,71.1,8109558.56
4891,E003447,64.3,0.0
4894,E003449,37.2,2324532.26
4894,E003448,25.7,1256571.8
4895,E003450,24.2,0.0
4897,E003451,15.8,2507658.25
4898,E003452,55.6,343139.4
4899,E003453,46.3,0.0
4901,E003454,7.7,0.0
4901,E003455,27.0,810911.37
4907,E003456,35.6,0.0
4912,E003457,74.9,39359975.61
4916,E003458,36.0,1381607.76
4916,E003459,49.6,5030791.15
4918,E003460,55.7,23415003.05
4919,E003461,25.6,1564375.59
4920,E003462,48.0,7185314.25
4924,E003463,44.4,2461451.1
4925,E003464,29.8,0.0
4926,E003465,52.4,0.0
4927,E003466,9.0,0.0
4928,E003469,64.4,7025509.91
4928,E003468,21.0,434484.43
4928,E003467,82.6,7367349.31
4931,E003470,29.6,0.0
4934,E003471,58.7,0.0
4934,E003472,69.3,241960.42
4935,E003473,111.9,10044799.32
4937,E003475,62.7,3195907.89
4937,E003474,38.0,2231019.27
4939,E003476,109.6,25772700.44
4939,E003477,28.7,0.0
4940,E003478,23.3,0.0
4941,E003479,19.3,0.0
4943,E003481,25.3,847971.14
4943,E003480,22.0,1481175.56
4944,E003482,39.7,0.0
4946,E003483,63.3,291439.48
4947,E003485,23.6,0.0
4947,E003484,57.7,0.0
4947,E003486,31.2,890619.23
4948,E003487,31.7,0.0
4949,E003488,28.6,883108.26
4950,E003489,17.9,0.0
4955,E003491,25.7,1967817.02
4955,E003490,16.9,0.0
4955,E003491,25.7,1967817.02
4958,E003492,60.8,595568.33
4959,E003493,32.5,8225005.31
4959,E003494,31.7,0.0
4960,E003497,22.4,0.0
4960,E003495,36.6,3559151.61
4960,E003496,38.4,4674820.17
4962,E003498,63.5,3258933.86
4963,E003499,36.3,2830254.98
4964,E003500,31.0,0.0
4965,E003501,57.4,1122609.12
4967,E003502,31.8,11527441.44
4968,E003503,12.6,0.0
4969,E003504,23.5,0.0
4971,E003505,35.0,8986206.15
4971,E003506,22.1,2045847.15
4974,E003507,12.9,0.0
4977,E003508,29.6,0.0
4978,E003509,44.8,1048743.35
4979,E003510,31.9,4638405.24
4982,E003512,13.6,0.0
4982,E003511,76.3,1670481.19
4982,E003513,9.3,0.0
4983,E003514,18.5,0.0
4984,E003516,54.6,1706201.85
4984,E003515,18.2,0.0
4987,E003518,45.3,685887.71
4987,E003517,52.3,5719722.55
4988,E003519,31.7,0.0
4989,E003520,79.8,4632490.46
4990,E003521,43.1,479966.21
4993,E003522,28.9,2105085.53
4995,E003523,22.3,0.0
4995,E003524,21.6,362643.25
4996,E003525,25.0,0.0
4998,E003526,13.1,0.0
4999,E003527,18.5,0.0
4999,E003528,24.5,0.0
4999,E003529,52.8,4821854.32
5000,E003530,74.2,4846149.86
5001,E003531,22.0,0.0
5002,E003533,45.1,3370534.9
5002,E003532,69.3,334257.9
5004,E003534,37.2,317232.65
5007,E003535,71.0,3423743.81
5008,E003539,53.2,4334473.05
5008,E003536,17.5,1710123.1
5008,E003538,96.2,7225270.38
5008,E003537,62.5,21127992.23
5011,E003540,43.7,6534595.25
5012,E003542,10.5,0.0
5012,E003541,52.5,11395895.8
5013,E003543,37.7,3557391.47
5016,E003544,47.0,22643532.08
5018,E003546,35.3,4780526.16
5018,E003545,17.8,0.0
5019,E003547,47.3,0.0
5023,E003548,19.9,0.0
5026,E003549,9.0,0.0
5031,E003550,31.2,1819212.25
5032,E003551,75.9,8355627.34
5035,E003552,57.1,1964757.58
5036,E003553,30.1,243710.52
5037,E003554,20.1,0.0
5038,E003555,22.3,0.0
5039,E003556,19.0,0.0
5040,E003558,48.0,5238956.67
5040,E003557,57.8,3029491.12
5041,E003560,10.2,0.0
5041,E003559,24.8,0.0
5043,E003562,34.2,5098894.35
5043,E003561,14.8,0.0
5048,E003563,24.5,0.0
5050,E003565,23.8,0.0
5050,E003566,19.7,528411.51
5050,E003564,19.6,696946.94
5053,E003568,9.6,513352.36
5053,E003567,38.0,0.0
5054,E003569,47.0,0.0
5055,E003570,83.6,12697183.07
5056,E003571,42.9,698914.68
5058,E003572,36.6,726984.78
5059,E003573,65.1,1533201.08
5059,E003574,39.4,2197030.91
5060,E003575,23.8,1810249.63
5062,E003576,23.5,0.0
5065,E003577,111.2,6380392.36
5068,E003578,33.8,8239131.12
5068,E003579,31.4,744194.06
5069,E003580,64.9,5090319.47
5072,E003581,31.4,0.0
5074,E003582,42.7,3537871.01
5075,E003583,23.0,0.0
5078,E003584,24.1,0.0
5078,E003586,33.3,13152336.88
5078,E003585,28.6,5703002.52
5079,E003587,30.3,0.0
5080,E003588,54.9,6974445.8
5083,E003590,29.1,1897407.58
5083,E003589,84.4,12482337.58
5087,E003591,24.8,1146991.59
5089,E003594,46.1,2952368.81
5089,E003592,25.9,1017583.76
5089,E003593,26.9,820171.3
5092,E003595,20.1,0.0
5092,E003596,11.3,0.0
5093,E003597,26.5,0.0
5094,E003598,9.4,0.0
5094,E003599,35.4,1082394.97
5096,E003601,50.2,5507463.1
5096,E003600,14.1,0.0
5097,E003602,29.7,1053268.56
5097,E003603,39.6,6045806.88
5099,E003604,61.4,2041009.55
5100,E003605,79.3,1592065.5
5100,E003606,7.9,531638.5
5102,E003607,27.6,0.0
5103,E003608,74.2,3186371.8
5103,E003609,16.6,0.0
5104,E003610,26.8,0.0
5105,E003613,17.4,0.0
5105,E003611,103.8,5790019.19
5105,E003612,41.4,0.0
5106,E003614,123.0,17358913.41
5109,E003615,59.7,1849930.78
5110,E003616,17.6,543427.66
5110,E003617,55.5,3488244.74
5112,E003618,19.1,678856.43
5116,E003619,20.9,0.0
5117,E003620,21.5,0.0
5117,E003621,43.7,252822.67
5120,E003622,44.3,5621307.21
5120,E003623,28.8,448764.33
5125,E003624,54.8,5308794.4
5128,E003625,27.7,978965.1
5129,E003626,9.3,0.0
5132,E003627,67.0,2647307.48
5132,E003629,11.0,0.0
5132,E003628,40.1,2136432.43
5133,E003630,37.5,271622.72
5134,E003631,63.6,11479370.88
5141,E003632,39.8,0.0
5142,E003633,29.1,0.0
5143,E003634,21.2,0.0
5144,E003636,25.8,0.0
5144,E003635,56.6,5478685.06
5145,E003637,25.1,0.0
5146,E003638,24.9,0.0
5146,E003639,11.8,0.0
5148,E003640,22.3,1913252.55
5149,E003641,27.0,375550.82
5152,E003642,64.7,21931203.24
5153,E003643,39.9,6170254.04
5154,E003644,39.3,0.0
5155,E003645,50.0,0.0
5157,E003648,75.5,47916933.06
5157,E003647,21.9,0.0
5157,E003646,27.1,0.0
5158,E003650,42.1,12918599.16
5158,E003649,45.4,10727611.15
5160,E003651,12.7,0.0
5164,E003652,26.7,0.0
5167,E003654,37.0,0.0
5167,E003653,29.3,356486.98
5169,E003655,35.5,6143677.77
5170,E003656,28.5,0.0
5172,E003659,42.4,0.0
5172,E003658,61.8,1298003.57
5172,E003657,32.1,1450414.47
5173,E003660,37.0,0.0
5173,E003661,20.1,1220469.47
5175,E003662,11.8,0.0
5175,E003663,26.2,0.0
5177,E003664,12.0,0.0
5177,E003665,22.8,0.0
5178,E003666,60.9,3623358.81
5178,E003668,22.8,613854.95
5178,E003667,25.2,0.0
5182,E003669,45.8,5162703.15
5182,E003670,30.1,674548.37
5184,E003672,36.8,0.0
5184,E003673,35.4,0.0
5184,E003671,24.9,1477123.39
5185,E003674,32.3,378677.83
5187,E003675,23.3,0.0
5189,E003676,37.0,1101334.09
5189,E003677,63.3,2903573.03
5191,E003678,85.6,36406872.31
5191,E003680,21.1,3674920.23
5191,E003679,16.6,444444.24
5194,E003681,51.6,4229941.59
5195,E003682,26.7,5934359.37
5200,E003683,15.0,0.0
5201,E003684,33.9,0.0
5201,E003685,11.3,0.0
5202,E003686,43.9,0.0
5204,E003687,24.7,16520266.26
5205,E003688,42.3,0.0
5206,E003689,67.8,6435200.63
5209,E003690,19.6,0.0
5211,E003691,117.9,15153864.01
5213,E003692,19.2,428319.61
5216,E003694,79.5,68822233.46
5216,E003693,39.2,16038089.69
5217,E003695,24.1,0.0
5220,E003696,35.8,842189.78
5226,E003697,28.1,1261132.72
5228,E003698,25.9,421088.03
5231,E003699,48.1,12897363.06
5233,E003701,8.9,0.0
5233,E003700,42.8,4804326.67
5235,E003702,36.7,6388036.58
5240,E003703,65.3,17476087.31
5240,E003705,36.3,3595634.06
5240,E003704,26.0,0.0
5242,E003706,40.0,1291733.96
5244,E003707,36.5,0.0
5245,E003708,37.0,1200118.74
5251,E003709,29.6,0.0
5254,E003710,18.9,0.0
5255,E003711,16.5,0.0
5257,E003712,122.3,7013437.62
5260,E003713,14.0,0.0
5260,E003714,24.5,0.0
5261,E003715,43.2,3481186.27
5261,E003716,21.4,0.0
5263,E003717,25.1,0.0
5263,E003718,61.3,7425319.37
5264,E003719,22.5,1425421.93
5264,E003720,19.5,1015139.05
5270,E003721,50.8,7589727.6
5272,E003722,30.6,0.0
5273,E003724,49.4,1909264.43
5273,E003723,13.8,0.0
5274,E003725,31.3,1477291.32
5275,E003726,15.9,0.0
5278,E003727,17.5,0.0
5279,E003728,53.6,3242841.95
5280,E003729,24.4,0.0
5281,E003731,70.2,3660882.67
5281,E003730,36.8,7103114.5
5282,E003733,49.9,3353309.13
5282,E003732,36.5,1708787.67
5284,E003734,44.3,5627427.57
5287,E003735,15.8,0.0
5288,E003736,120.2,59044194.1
5289,E003737,70.4,2270931.0
5292,E003738,56.1,1730667.65
5293,E003739,19.0,381624.28
5293,E003740,23.3,0.0
5295,E003741,16.4,0.0
5296,E003742,58.2,21661005.37
5297,E003743,91.8,54389208.18
5298,E003744,45.3,3720557.7
5300,E003745,37.5,8381790.59
5300,E003746,46.1,18386364.36
5300,E003747,30.6,0.0
5301,E003748,27.9,787377.58
5302,E003749,14.9,0.0
5302,E003750,33.8,9563821.64
5304,E003751,28.3,2437793.86
5304,E003752,67.6,17227283.32
5306,E003753,19.5,0.0
5308,E003754,40.5,13776404.62
5311,E003755,7.4,0.0
5311,E003756,30.4,0.0
5312,E003757,45.7,0.0
5315,E003758,22.3,0.0
5321,E003759,15.0,888648.4
5322,E003760,10.7,0.0
5323,E003762,9.8,412413.34
5323,E003761,47.4,3245136.08
5326,E003764,11.4,0.0
5326,E003763,35.4,5403389.35
5328,E003766,84.3,14535756.84
5328,E003765,16.4,0.0
5329,E003767,33.9,1682278.07
5329,E003768,46.8,5449707.42
5330,E003770,7.2,0.0
5330,E003769,96.0,38606612.91
5332,E003771,30.5,0.0
5333,E003772,41.6,7227424.75
5334,E003773,70.7,854509.39
5335,E003774,44.0,6526874.17
5336,E003775,27.7,0.0
5336,E003776,63.8,6358235.04
5337,E003777,37.0,0.0
5338,E003778,24.7,0.0
5341,E003779,36.5,0.0
5343,E003780,37.6,6832199.82
5344,E003781,35.5,17257621.26
5348,E003782,42.7,0.0
5348,E003783,62.7,5971853.28
5349,E003784,55.5,18779861.6
5350,E003785,37.8,0.0
5350,E003786,80.7,12162305.1
5351,E003787,13.5,0.0
5352,E003788,48.7,4201403.88
5354,E003789,21.1,729397.28
5356,E003790,23.2,0.0
5359,E003791,42.5,296959.84
5363,E003792,47.9,7648845.9
5366,E003793,89.1,3327351.34
5366,E003794,45.5,978961.96
5370,E003795,30.1,0.0
5371,E003796,62.5,2400663.37
5372,E003797,12.9,0.0
5373,E003798,44.1,3353234.57
5374,E003799,22.6,0.0
5376,E003800,53.1,0.0
5377,E003802,44.0,6505737.56
5377,E003801,79.7,5061444.38
5378,E003803,36.1,2899720.52
5379,E003804,25.4,0.0
5385,E003805,24.4,0.0
5388,E003806,26.0,6764756.46
5389,E003807,24.2,0.0
5391,E003808,13.1,0.0
5392,E003809,29.2,0.0
5396,E003810,6.7,0.0
5398,E003811,35.9,0.0
5399,E003812,22.7,0.0
5401,E003813,21.6,0.0
5404,E003815,24.3,0.0
5404,E003814,35.6,4446686.98
5406,E003817,42.2,0.0
5406,E003816,42.3,7636825.25
5406,E003818,49.1,0.0
5407,E003819,39.9,3886047.53
5407,E003820,14.7,0.0
5410,E003821,29.0,0.0
5412,E003822,16.2,390543.31
5412,E003823,13.1,0.0
5414,E003824,42.0,1085461.52
5416,E003826,27.2,0.0
5416,E003825,37.9,0.0
5418,E003827,16.9,0.0
5419,E003828,31.4,816281.18
5420,E003830,51.9,0.0
5420,E003829,20.0,0.0
5421,E003831,72.6,20561240.59
5427,E003832,46.3,779945.57
5428,E003833,50.1,1175079.13
5429,E003834,24.9,0.0
5431,E003835,94.4,13194191.8
5433,E003838,39.9,6778515.67
5433,E003839,29.4,267984.83
5433,E003837,65.6,8012848.61
5433,E003836,35.3,2429344.03
5435,E003840,73.2,4603246.75
5437,E003841,24.9,1135307.1
5440,E003842,103.8,15465082.65
5440,E003843,20.8,0.0
5441,E003844,22.0,0.0
5445,E003845,27.3,0.0
5445,E003846,52.0,1283028.2
5446,E003847,32.7,0.0
5446,E003848,22.2,0.0
5449,E003849,34.7,709961.49
5449,E003850,24.5,0.0
5450,E003851,43.6,805941.53
5451,E003852,85.1,747901.48
5453,E003854,40.8,1718403.2
5453,E003853,12.0,0.0
5454,E003855,22.5,0.0
5454,E003856,16.2,0.0
5456,E003857,16.9,0.0
5457,E003859,18.4,1293937.17
5457,E003858,16.5,0.0
5461,E003860,17.7,0.0
5461,E003861,51.6,7369242.61
5464,E003862,68.1,17640585.03
5465,E003863,26.7,0.0
5469,E003864,22.7,386797.27
5469,E003865,83.2,6573073.49
5470,E003866,13.8,0.0
5470,E003867,27.9,0.0
5471,E003868,54.4,3941316.06
5472,E003869,23.1,0.0
5472,E003870,90.0,70335923.54
5473,E003871,27.4,0.0
5473,E003873,22.7,0.0
5473,E003872,30.9,0.0
5474,E003874,100.8,8488010.11
5476,E003875,22.2,393938.69
5476,E003876,15.2,0.0
5481,E003877,40.8,0.0
5482,E003878,41.6,6633206.36
5484,E003879,36.5,272679.15
5485,E003880,35.6,0.0
5485,E003881,23.8,0.0
5485,E003882,25.2,0.0
5488,E003883,42.6,4379815.69
5489,E003885,17.3,1072483.63
5489,E003884,36.5,911946.47
5494,E003886,27.1,662353.18
5494,E003888,13.7,0.0
5494,E003887,16.1,0.0
5495,E003889,13.8,0.0
5496,E003890,25.0,1942702.45
5499,E003891,28.5,0.0
5501,E003892,52.5,219403.96
5502,E003895,12.9,0.0
5502,E003894,26.0,1716908.09
5502,E003893,19.8,0.0
5505,E003898,75.3,15859664.28
5505,E003896,30.4,0.0
5505,E003897,10.5,0.0
5507,E003899,36.1,1517941.77
5509,E003900,61.6,2575016.28
5510,E003901,23.1,0.0
5511,E003903,84.7,6282801.29
5511,E003902,62.4,222212.24
5512,E003904,30.9,0.0
5516,E003905,22.1,1909584.09
5517,E003906,26.8,617858.23
5519,E003907,84.6,55825269.37
5519,E003908,34.8,885222.66
5521,E003909,,0.0
5521,E003910,33.7,699209.92
5524,E003911,11.1,0.0
5525,E003912,54.8,2705531.0
5527,E003914,41.8,5191923.69
5527,E003913,34.0,0.0
5528,E003917,71.7,7119567.74
5528,E003915,24.1,2083090.0
5528,E003916,16.3,474527.64
5529,E003918,68.1,2838214.9
5532,E003919,5.8,0.0
5534,E003920,19.2,0.0
5535,E003922,30.6,0.0
5535,E003921,54.5,0.0
5539,E003923,19.9,0.0
5539,E003924,29.5,2653597.9
5541,E003925,25.7,2350900.9
5542,E003926,64.7,2957870.5
5543,E003927,28.8,0.0
5543,E003928,102.5,20758852.66
5544,E003929,30.0,15875237.03
5545,E003930,41.6,1777812.99
5547,E003931,43.2,2092459.1
5547,E003932,31.9,0.0
5547,E003933,45.4,0.0
5549,E003934,22.9,0.0
5549,E003935,42.3,10059845.72
5550,E003936,47.1,4268416.12
5556,E003937,13.7,430637.56
5557,E003938,8.6,0.0
5560,E003939,29.2,10003720.01
5560,E003940,32.0,0.0
5562,E003941,14.4,0.0
5563,E003942,52.5,2364805.1
5564,E003943,41.9,1127380.5
5564,E003944,32.9,0.0
5565,E003945,30.9,1143122.84
5567,E003946,45.1,0.0
5568,E003947,13.9,0.0
5569,E003949,30.9,0.0
5569,E003948,30.9,0.0
5570,E003950,30.1,1240175.05
5571,E003951,16.5,0.0
5576,E003952,51.4,4862909.02
5578,E003954,37.8,0.0
5578,E003953,59.0,6149993.24
5580,E003957,28.9,0.0
5580,E003956,30.7,2442320.11
5580,E003955,24.8,0.0
5582,E003958,21.1,0.0
5583,E003959,29.6,438895.75
5584,E003960,24.9,0.0
5585,E003961,37.0,0.0
5588,E003962,12.0,0.0
5589,E003963,25.3,540621.84
5594,E003964,48.0,0.0
5596,E003965,14.4,0.0
5599,E003966,22.8,0.0
5602,E003967,68.7,0.0
5602,E003968,38.8,0.0
5603,E003970,35.2,0.0
5603,E003971,18.0,0.0
5603,E003969,98.9,16001313.89
5604,E003972,37.4,854323.77
5604,E003974,25.3,1024631.32
5604,E003973,86.4,5104751.31
5605,E003975,17.1,0.0
5607,E003976,22.9,1938335.05
5610,E003978,28.8,0.0
5610,E003977,58.9,0.0
5610,E003979,37.2,2446723.82
5611,E003981,43.3,1777485.85
5611,E003980,104.0,43800264.24
5612,E003982,19.9,0.0
5613,E003983,41.7,10709358.76
5619,E003985,27.0,0.0
5619,E003984,26.0,0.0
5619,E003986,46.6,1195115.45
5621,E003987,14.0,505155.22
5621,E003988,24.7,0.0
5626,E003989,43.0,0.0
5629,E003990,54.0,0.0
5630,E003993,14.4,0.0
5630,E003992,28.1,0.0
5630,E003991,15.9,0.0
5634,E003994,24.5,0.0
5636,E003995,49.5,5198973.77
5638,E003996,36.0,0.0
5640,E003997,36.3,0.0
5641,E003998,16.8,367449.34
5643,E003999,47.2,2531123.69
5645,E004000,26.1,543350.13
5647,E004002,26.2,0.0
5647,E004001,35.2,14070356.68
5652,E004005,40.7,0.0
5652,E004004,54.6,1512305.79
5652,E004003,47.4,0.0
5654,E004006,60.3,457420.67
5655,E004007,31.0,2271589.7
5656,E004008,13.7,0.0
5657,E004009,37.6,3081164.84
5657,E004010,38.0,5811423.39
5658,E004011,42.3,0.0
5659,E004012,101.9,19911832.32
5660,E004013,12.6,0.0
5661,E004014,34.0,0.0
5665,E004016,68.0,3381387.43
5665,E004017,19.5,0.0
5665,E004015,18.0,0.0
5667,E004018,62.7,21673601.61
5669,E004019,22.9,1773300.53
5671,E004020,31.2,3535421.41
5671,E004021,13.4,0.0
5673,E004022,90.5,5242782.16
5674,E004023,55.4,0.0
5675,E004024,51.8,371081.62
5677,E004025,35.9,2449712.46
5677,E004026,57.1,4672355.74
5679,E004027,59.5,7102475.53
5680,E004028,52.2,957622.09
5681,E004029,23.3,2202964.19
5682,E004030,23.0,3079086.6
5684,E004031,28.2,5923784.1
5685,E004032,11.8,0.0
5687,E004034,14.3,0.0
5687,E004033,21.6,0.0
5689,E004036,16.5,0.0
5689,E004035,146.9,30386023.77
5690,E004037,45.9,0.0
5691,E004039,15.6,0.0
5691,E004038,26.3,0.0
5693,E004040,57.0,1189408.3
5693,E004041,46.6,0.0
5693,E004042,55.0,2055909.05
5696,E004043,49.4,8626906.42
5698,E004045,35.1,0.0
5698,E004044,51.1,0.0
5700,E004046,141.4,23722408.79
5701,E004047,5.7,0.0
5703,E004048,40.9,756987.63
5703,E004049,29.1,
5704,E004050,24.4,0.0
5709,E004051,56.7,0.0
5710,E004052,36.3,975750.82
5714,E004053,20.1,0.0
5715,E004054,63.4,0.0
5718,E004056,35.2,9766740.83
5718,E004055,32.2,679966.17
5721,E004057,30.4,0.0
5722,E004058,45.9,24730496.4
5723,E004059,27.2,0.0
5726,E004060,47.5,1554677.91
5727,E004061,30.1,0.0
5728,E004062,14.4,768237.11
5736,E004063,37.5,1660763.05
5737,E004064,22.3,0.0
5738,E004065,23.4,2012890.49
5740,E004066,43.1,0.0
5740,E004067,16.8,0.0
5741,E004069,21.1,670882.1
5741,E004068,30.4,0.0
5741,E004070,70.6,16979273.77
5743,E004071,20.8,0.0
5744,E004072,29.8,717467.28
5746,E004073,40.7,4260172.58
5746,E004075,25.9,5440150.68
5746,E004074,27.5,818115.42
5747,E004076,22.4,1417260.1
5749,E004077,21.0,704599.79
5750,E004078,42.5,1091897.17
5750,E004079,58.1,3023922.94
5750,E004080,57.8,2231397.33
5752,E004082,19.6,0.0
5752,E004081,29.6,0.0
5754,E004083,6.9,0.0
5756,E004084,14.0,0.0
5757,E004085,63.6,2705533.43
5759,E004087,33.0,0.0
5759,E004086,34.7,0.0
5761,E004088,34.1,924072.69
5762,E004089,59.2,12575204.0
5763,E004092,29.1,1680515.7
5763,E004091,32.9,1766364.59
5763,E004090,22.6,0.0
5764,E004093,19.1,0.0
5767,E004094,35.7,0.0
5772,E004096,25.2,0.0
5772,E004095,29.7,1849251.71
5773,E004097,10.5,0.0
5773,E004098,46.6,0.0
5780,E004099,12.5,0.0
5780,E004100,133.3,29108935.79
5781,E004101,12.6,0.0
5783,E004102,48.4,28358396.75
5783,E004103,65.5,1654445.92
5784,E004104,24.2,0.0
5785,E004105,14.8,396489.74
5788,E004106,72.5,1233083.41
5788,E004107,48.0,8335114.77
5789,E004108,28.6,696909.79
5790,E004109,47.1,5795284.05
5790,E004110,59.1,2579881.07
5790,E004111,35.1,0.0
5792,E004112,27.1,1864763.8
5796,E004113,6.6,0.0
5798,E004114,27.4,0.0
5799,E004115,39.1,0.0
5799,E004116,46.9,3842616.62
5800,E004117,72.2,11795868.79
5802,E004118,16.3,0.0
5804,E004119,35.3,0.0
5808,E004121,30.5,0.0
5808,E004120,57.7,20069642.32
5809,E004122,66.9,648695.58
5810,E004123,33.7,0.0
5810,E004124,16.1,0.0
5815,E004125,15.7,0.0
5815,E004126,20.1,0.0
5817,E004127,10.0,0.0
5817,E004128,61.4,15945074.76
5819,E004129,10.8,0.0
5820,E004130,16.7,0.0
5823,E004131,19.4,0.0
5825,E004132,24.8,0.0
5829,E004133,20.4,740715.57
5831,E004134,37.3,0.0
5831,E004135,70.3,368209.12
5835,E004136,54.5,1043291.0
5836,E004137,15.5,0.0
5837,E004139,20.4,0.0
5837,E004138,11.4,0.0
5838,E004140,29.1,0.0
5839,E004142,25.0,0.0
5839,E004141,43.7,2714452.16
5841,E004143,34.0,800878.6
5843,E004144,29.4,0.0
5844,E004145,17.9,459589.78
5845,E004147,83.9,4639387.32
5845,E004146,9.4,0.0
5847,E004148,109.0,21352062.64
5850,E004149,32.8,3147450.01
5852,E004151,42.5,1227621.24
5852,E004150,18.0,0.0
5853,E004152,20.6,735777.46
5857,E004153,50.5,12122989.28
5858,E004154,33.1,16481074.54
5859,E004155,59.0,4821363.12
5860,E004156,14.5,0.0
5862,E004157,10.0,0.0
5862,E004158,39.3,0.0
5864,E004161,47.8,0.0
5864,E004160,36.6,0.0
5864,E004159,19.5,0.0
5864,E004162,39.3,1037539.36
5865,E004163,22.3,0.0
5866,E004165,66.4,1678260.16
5866,E004164,49.1,3317637.89
5870,E004166,26.8,0.0
5871,E004167,13.5,0.0
5872,E004168,44.0,0.0
5872,E004169,15.6,0.0
5874,E004171,31.2,4159733.93
5874,E004170,33.9,4949084.34
5876,E004172,42.6,0.0
5883,E004173,35.8,0.0
5885,E004174,18.9,632164.72
5886,E004175,19.1,0.0
5887,E004176,56.2,1664669.42
5888,E004177,32.9,2045819.94
5892,E004178,42.3,3554262.6
5895,E004180,48.7,1444172.8
5895,E004179,19.7,0.0
5902,E004181,11.7,0.0
5904,E004182,28.0,0.0
5905,E004183,15.7,839476.3
5907,E004184,18.2,0.0
5908,E004185,12.5,0.0
5909,E004186,57.0,1444721.48
5915,E004187,10.4,0.0
5916,E004188,23.1,1545544.11
5917,E004189,37.1,0.0
5918,E004190,22.4,3462303.26
5919,E004192,13.6,0.0
5919,E004191,29.7,483028.14
5920,E004193,14.1,0.0
5921,E004194,13.2,0.0
5923,E004195,19.4,1378482.45
5924,E004196,31.5,1506013.86
5926,E004197,23.6,469482.78
5928,E004198,7.4,0.0
5931,E004199,30.7,4489746.41
5933,E004200,23.6,0.0
5937,E004201,40.0,0.0
5938,E004202,39.8,0.0
5939,E004203,84.8,7430936.81
5941,E004204,36.9,256552.24
5943,E004205,18.8,0.0
5945,E004206,67.4,12770062.56
5946,E004208,55.8,619234.62
5946,E004207,46.4,5280555.0
5949,E004210,32.8,0.0
5949,E004209,40.4,1408948.99
5950,E004211,54.8,774136.55
5951,E004212,66.1,35038583.99
5953,E004214,48.1,1723507.06
5953,E004213,50.3,0.0
5954,E004215,15.0,0.0
5956,E004216,33.7,0.0
5956,E004217,21.5,0.0
5957,E004218,19.6,0.0
5957,E004219,22.9,0.0
5959,E004220,36.6,3978932.54
5961,E004221,44.4,741036.98
5961,E004222,10.9,0.0
5964,E004223,37.7,2208049.47
5965,E004224,42.8,1213494.37
5968,E004225,29.5,0.0
5970,E004226,47.9,0.0
5971,E004228,25.1,0.0
5971,E004227,29.0,1496313.23
5973,E004229,13.4,1736428.56
5975,E004231,23.8,0.0
5975,E004230,44.6,837055.92
5977,E004233,23.0,0.0
5977,E004234,23.2,0.0
5977,E004232,8.0,0.0
5978,E004236,48.0,361520.12
5978,E004235,8.0,0.0
5979,E004237,30.7,2525638.62
5981,E004239,45.1,0.0
5981,E004238,49.5,0.0
5985,E004241,10.8,0.0
5985,E004240,35.0,801641.67
5986,E004242,16.0,0.0
5998,E004243,45.6,2480499.17
6000,E004245,38.1,0.0
6000,E004244,36.0,11221827.89
6001,E004246,39.9,6823847.12
6002,E004248,30.9,0.0
6002,E004247,17.8,0.0
6003,E004249,17.5,0.0
6007,E004250,24.6,0.0
6008,E004251,55.2,19830701.18
6009,E004252,73.2,20850171.05
6012,E004253,50.8,7402749.53
6013,E004254,43.9,296976.35
6016,E004255,14.7,0.0
6016,E004256,13.4,0.0
6019,E004257,49.9,2163987.49
6020,E004259,15.2,0.0
6020,E004258,39.9,2371486.84
6021,E004260,21.1,0.0
6022,E004261,26.8,958688.56
6030,E004263,19.5,0.0
6030,E004262,21.1,0.0
6031,E004264,21.0,0.0
6032,E004265,18.8,0.0
6032,E004266,9.7,0.0
6034,E004267,41.1,0.0
6034,E004268,56.2,253166.68
6037,E004269,19.3,0.0
6049,E004270,74.2,5908343.13
6051,E004271,39.3,311903.3
6052,E004272,27.7,0.0
6056,E004273,16.9,0.0
6059,E004274,32.3,0.0
6060,E004275,23.8,0.0
6063,E004276,26.0,0.0
6064,E004277,23.5,0.0
6065,E004278,13.9,0.0
6067,E004279,12.7,0.0
6068,E004280,7.5,0.0
6071,E004281,29.1,815825.85
6073,E004282,15.7,0.0
6074,E004284,26.9,197333.33
6074,E004283,9.6,0.0
6076,E004285,55.6,1997065.35
6077,E004287,27.8,2861204.11
6077,E004286,34.9,0.0
6079,E004288,42.8,747779.67
6080,E004290,35.6,0.0
6080,E004291,51.2,4229559.44
6080,E004289,23.1,0.0
6081,E004292,15.9,0.0
6082,E004293,62.0,5175885.2
6088,E004294,11.9,0.0
6089,E004295,45.9,10390558.68
6090,E004296,46.6,1792174.94
6092,E004297,37.1,2008702.63
6093,E004298,78.4,11377966.65
6094,E004299,40.5,13780957.8
6096,E004300,68.4,0.0
6096,E004301,44.1,0.0
6097,E004302,59.8,2980139.29
6099,E004304,55.8,0.0
6099,E004303,24.5,0.0
6100,E004305,38.6,1319529.01
6101,E004307,30.5,0.0
6101,E004306,6.5,0.0
6102,E004308,18.5,0.0
6104,E004310,10.8,0.0
6104,E004309,38.2,0.0
6107,E004311,30.8,5868328.09
6110,E004312,33.7,0.0
6111,E004314,43.8,3057477.1
6111,E004313,38.8,0.0
6112,E004315,100.1,7988354.61
6112,E004316,25.4,1163213.02
6118,E004317,62.0,4572561.6
6119,E004318,38.3,267170.57
6123,E004319,65.9,5824178.26
6125,E004320,36.5,0.0
6128,E004321,67.4,433410.84
6131,E004323,30.5,0.0
6131,E004322,36.4,0.0
6134,E004324,23.2,0.0
6135,E004325,37.4,7113705.89
6136,E004326,8.9,0.0
6140,E004328,109.3,
6140,E004330,36.9,4823673.22
6140,E004329,27.1,0.0
6140,E004327,7.6,0.0
6141,E004331,13.6,0.0
6144,E004332,50.6,51885087.02
6145,E004334,15.5,0.0
6145,E004333,37.8,753945.97
6146,E004336,85.3,11835946.05
6146,E004335,46.7,0.0
6147,E004337,52.6,5091703.22
6148,E004338,27.7,0.0
6149,E004339,27.5,1216256.03
6150,E004340,4.8,0.0
6151,E004341,25.0,816982.04
6154,E004343,23.0,679202.87
6154,E004342,9.3,0.0
6155,E004344,17.4,0.0
6157,E004345,24.0,0.0
6158,E004346,10.5,0.0
6159,E004348,47.8,13614454.62
6159,E004347,52.6,0.0
6160,E004350,23.6,0.0
6160,E004349,110.7,28725280.9
6160,E004351,15.9,0.0
6163,E004353,5.9,0.0
6163,E004352,31.8,1740452.51
6165,E004354,47.5,0.0
6166,E004355,13.1,0.0
6168,E004356,35.4,0.0
6169,E004357,34.3,0.0
6170,E004358,14.5,379140.33
6171,E004360,33.2,3831442.97
6171,E004359,6.9,0.0
6173,E004361,13.8,0.0
6174,E004362,30.0,0.0
6175,E004363,39.5,647253.19
6176,E004365,45.5,1631340.1
6176,E004364,31.3,0.0
6180,E004367,36.2,0.0
6180,E004366,63.9,504708.09
6183,E004368,16.0,0.0
6184,E004370,71.1,31653000.71
6184,E004369,75.4,30168000.22
6188,E004371,36.8,5246305.55
6194,E004372,45.0,0.0
6197,E004373,50.6,533763.07
6198,E004374,16.4,0.0
6198,E004376,59.7,6840149.93
6198,E004375,45.1,6050307.53
6199,E004378,6.5,0.0
6199,E004377,32.6,0.0
6201,E004379,44.9,0.0
6203,E004380,53.4,0.0
6204,E004383,9.9,0.0
6204,E004381,12.8,0.0
6204,E004382,13.2,0.0
6205,E004384,47.3,354254.09
6206,E004385,38.8,1829002.09
6208,E004388,12.9,387748.43
6208,E004386,22.5,0.0
6208,E004387,63.9,1738033.36
6209,E004389,84.6,18698743.85
6210,E004390,62.6,1377919.01
6211,E004392,27.2,465888.95
6211,E004391,24.9,0.0
6212,E004393,14.2,0.0
6214,E004395,34.8,699015.87
6214,E004394,40.0,3573280.47
6217,E004396,39.7,8745415.44
6219,E004397,42.4,1615107.34
6219,E004398,7.5,0.0
6224,E004399,9.6,0.0
6224,E004400,5.9,0.0
6227,E004401,8.7,0.0
6229,E004402,28.6,8850088.15
6230,E004403,16.7,1498240.11
6232,E004404,8.6,0.0
6234,E004405,35.4,1376399.59
6234,E004406,12.2,0.0
6235,E004407,33.5,6248894.22
6236,E004408,21.1,1885678.02
6236,E004410,24.2,0.0
6236,E004409,22.0,5502568.15
6237,E004411,13.8,258382.81
6238,E004412,59.3,8180060.98
6239,E004413,14.8,1447464.57
6240,E004415,13.3,0.0
6240,E004414,21.3,1165312.92
6247,E004416,8.5,0.0
6249,E004417,12.4,0.0
6251,E004418,18.8,10021565.92
6252,E004419,5.3,0.0
6253,E004420,7.9,0.0
6256,E004421,10.5,2981256.02
6260,E004422,9.9,0.0
6261,E004423,13.2,0.0
6262,E004425,15.4,0.0
6262,E004424,15.5,0.0
6263,E004426,4.2,0.0
6264,E004427,10.8,0.0
6265,E004428,18.7,1680551.65
6270,E004430,13.4,0.0
6270,E004429,12.3,0.0
6272,E004432,22.8,1749808.47
6272,E004431,12.5,0.0
6276,E004433,5.9,0.0
6278,E004434,9.1,811251.59
6279,E004435,11.0,681953.35
6280,E004436,26.9,216850.93
6282,E004437,6.3,0.0
6284,E004438,58.5,1114682.08
6285,E004439,8.8,0.0
6286,E004440,19.8,0.0
6286,E004441,25.9,0.0
6286,E004442,55.8,5090521.16
6287,E004443,43.7,0.0
6293,E004444,20.8,0.0
6300,E004445,17.1,0.0
6303,E004446,19.3,0.0
6303,E004449,23.3,0.0
6303,E004447,37.0,0.0
6303,E004448,16.1,0.0
6304,E004450,24.4,0.0
6304,E004451,34.3,0.0
6305,E004453,15.2,0.0
6305,E004455,29.7,446064.3
6305,E004454,23.6,557811.78
6305,E004452,26.0,0.0
6309,E004456,25.4,1493802.88
6312,E004457,74.4,7160909.8
6313,E004458,10.5,0.0
6315,E004459,27.5,2721445.09
6316,E004460,34.8,205115.28
6317,E004461,54.7,219465.2
6317,E004462,17.1,0.0
6319,E004464,69.3,1712514.32
6319,E004465,21.3,610582.57
6319,E004463,9.0,0.0
6320,E004466,54.3,1135494.91
6323,E004467,28.7,21849096.32
6328,E004468,30.6,0.0
6333,E004469,40.7,0.0
6333,E004470,16.8,0.0
6334,E004471,11.8,0.0
6337,E004474,21.6,0.0
6337,E004473,31.0,0.0
6337,E004472,40.5,1336834.34
6338,E004475,16.9,0.0
6340,E004477,62.1,5318345.82
6340,E004476,40.0,266238.11
6343,E004478,12.5,564507.82
6343,E004479,19.3,0.0
6345,E004480,30.9,1786179.94
6348,E004481,38.2,5212894.74
6350,E004483,70.2,8196385.43
6350,E004482,39.2,982650.52
6353,E004484,39.8,3408043.17
6355,E004486,27.4,1637992.13
6355,E004485,37.1,2224355.59
6356,E004487,74.5,1418767.24
6356,E004489,21.6,0.0
6356,E004488,10.2,0.0
6357,E004490,8.3,0.0
6358,E004491,13.2,0.0
6359,E004492,64.8,13896961.95
6360,E004493,45.7,5196650.06
6361,E004494,25.0,0.0
6364,E004495,3.6,0.0
6364,E004496,49.5,0.0
6366,E004497,38.9,0.0
6369,E004498,55.2,1494258.84
6372,E004499,98.3,31803585.58
6374,E004500,18.4,0.0
6374,E004501,35.3,0.0
6378,E004502,61.4,385697.52
6379,E004503,10.7,0.0
6380,E004504,79.1,6810723.24
6383,E004505,25.8,2059887.38
6384,E004506,40.1,2458759.44
6385,E004507,57.4,30002810.53
6385,E004508,5.8,0.0
6390,E004509,17.4,0.0
6391,E004512,105.0,21524086.25
6391,E004511,30.4,1576482.47
6391,E004510,59.0,1104723.54
6392,E004513,64.3,8933653.13
6393,E004514,33.7,0.0
6393,E004515,23.3,0.0
6395,E004516,46.2,3279689.35
6396,E004517,44.7,800066.98
6397,E004518,18.3,0.0
6398,E004519,13.6,0.0
6400,E004520,31.6,825139.33
6400,E004521,76.1,728605.38
6402,E004522,24.1,629761.86
6403,E004523,9.3,0.0
6403,E004524,30.0,0.0
6403,E004525,30.8,3116079.59
6404,E004526,42.4,3293099.38
6405,E004527,70.4,1753150.09
6406,E004529,42.2,25799101.69
6406,E004528,16.2,557253.97
6412,E004530,23.6,0.0
6412,E004531,51.7,0.0
6414,E004532,17.0,669904.78
6415,E004534,26.7,0.0
6415,E004535,78.0,12305771.9
6415,E004533,20.0,0.0
6417,E004536,37.3,3608725.0
6417,E004537,32.1,0.0
6418,E004538,55.6,1402959.57
6423,E004539,33.1,2343715.6
6427,E004540,54.7,4497016.74
6428,E004541,15.3,1092121.59
6429,E004542,22.6,0.0
6439,E004543,15.1,0.0
6448,E004544,102.5,53883214.97
6449,E004545,68.0,33324263.16
6450,E004548,102.7,35406532.77
6450,E004547,50.6,0.0
6450,E004546,69.4,3531081.55
6452,E004549,24.9,0.0
6454,E004550,19.2,0.0
6455,E004552,33.6,0.0
6455,E004551,45.6,0.0
6457,E004553,53.1,8581850.11
6459,E004554,37.4,3657056.09
6461,E004555,20.4,844954.48
6461,E004556,54.5,387629.85
6466,E004557,58.8,34866714.96
6467,E004558,23.8,0.0
6468,E004559,27.6,5616240.1
6469,E004560,24.1,2704406.2
6471,E004561,14.2,0.0
6471,E004562,21.1,1850067.14
6472,E004563,7.7,0.0
6472,E004564,45.9,8219025.04
6474,E004565,90.0,5061845.85
6476,E004566,100.4,4974902.57
6480,E004567,35.5,5406706.25
6482,E004568,55.2,1801247.14
6483,E004569,35.4,7182537.2
6485,E004570,32.0,0.0
6488,E004571,49.0,0.0
6488,E004572,14.1,2786103.54
6491,E004573,8.9,0.0
6491,E004574,31.7,1037916.26
6492,E004576,27.0,0.0
6492,E004575,40.7,15441115.69
6492,E004577,19.8,371126.46
6494,E004578,18.6,0.0
6496,E004579,15.3,442756.28
6498,E004581,37.9,0.0
6498,E004580,24.7,6903886.24
6499,E004582,64.0,2136110.42
6501,E004584,25.4,380541.73
6501,E004583,15.3,0.0
6502,E004586,19.6,0.0
6502,E004585,17.0,0.0
6503,E004587,33.3,0.0
6506,E004589,37.8,3572283.06
6506,E004590,30.5,0.0
6506,E004588,12.6,397248.07
6507,E004591,42.0,510789.03
6509,E004592,21.9,0.0
6511,E004593,38.7,0.0
6515,E004596,33.0,0.0
6515,E004597,26.6,3110620.92
6515,E004595,42.3,6809266.7
6515,E004594,15.9,971333.5
6517,E004598,55.3,0.0
6518,E004600,14.1,0.0
6518,E004601,30.6,3365362.09
6518,E004599,24.4,0.0
6522,E004602,27.3,0.0
6522,E004603,43.7,3047707.73
6523,E004604,13.8,480893.78
6525,E004605,20.9,1069595.95
6526,E004606,19.6,2909163.97
6528,E004607,14.0,0.0
6530,E004608,92.0,4243103.52
6532,E004609,16.7,358087.47
6533,E004610,8.8,0.0
6534,E004611,75.7,1948506.82
6535,E004612,45.2,23655955.84
6537,E004613,25.7,0.0
6538,E004614,13.8,0.0
6540,E004615,44.8,787507.72
6545,E004616,7.7,0.0
6549,E004617,20.5,0.0
6551,E004618,17.5,0.0
6552,E004619,30.8,1007976.5
6555,E004620,19.7,0.0
6557,E004622,19.2,0.0
6557,E004621,5.8,0.0
6557,E004623,9.3,0.0
6558,E004624,15.9,0.0
6562,E004625,65.7,6326022.02
6563,E004626,41.0,4651019.72
6566,E004627,29.8,0.0
6568,E004628,22.9,9603015.26
6569,E004629,35.7,1946936.81
6573,E004630,26.7,0.0
6576,E004631,53.1,4933462.94
6577,E004633,33.6,2531425.1
6577,E004632,13.3,0.0
6579,E004634,39.7,0.0
6583,E004635,12.6,0.0
6583,E004636,36.8,1009554.55
6586,E004638,37.1,10570377.41
6586,E004637,74.1,3133254.56
6589,E004640,75.5,5941746.98
6589,E004639,7.0,0.0
6592,E004641,34.2,11431932.85
6594,E004642,51.7,1165002.4
6595,E004643,17.2,538976.63
6599,E004645,31.2,0.0
6599,E004644,27.7,5147417.83
6602,E004646,37.6,894431.87
6605,E004647,21.0,598998.78
6606,E004648,19.9,551478.92
6607,E004649,49.5,0.0
6612,E004650,165.0,11189379.12
6614,E004651,22.5,0.0
6615,E004655,52.2,2373621.87
6615,E004653,27.7,0.0
6615,E004654,11.3,0.0
6615,E004652,165.7,54105529.39
6617,E004656,12.6,0.0
6620,E004658,61.4,2276112.05
6620,E004657,30.7,3630868.29
6622,E004659,34.4,2532244.32
6622,E004660,49.0,0.0
6623,E004661,45.9,0.0
6625,E004662,27.9,0.0
6626,E004663,20.1,0.0
6626,E004664,80.4,1294649.26
6628,E004665,37.7,949765.26
6629,E004666,44.5,0.0
6630,E004667,8.7,0.0
6631,E004668,44.2,5338329.44
6634,E004669,10.3,0.0
6634,E004670,120.1,23057807.68
6635,E004671,29.1,0.0
6635,E004672,16.3,0.0
6637,E004673,7.1,0.0
6639,E004674,17.1,268282.9
6640,E004675,47.9,15239664.77
6641,E004676,49.2,742301.12
6642,E004677,,0.0
6644,E004679,27.2,532893.91
6644,E004678,26.5,0.0
6647,E004680,34.0,1265921.33
6651,E004681,12.0,0.0
6654,E004682,30.5,0.0
6660,E004683,10.2,0.0
6662,E004684,24.6,2501163.28
6665,E004685,60.3,11785185.26
6668,E004686,49.1,7489943.89
6669,E004687,24.9,0.0
6669,E004688,49.9,789240.09
6672,E004689,20.4,0.0
6672,E004690,51.4,0.0
6674,E004691,29.3,0.0
6675,E004692,28.2,3801562.51
6676,E004693,15.4,0.0
6678,E004694,32.9,1493140.14
6678,E004695,71.1,477211.29
6679,E004697,36.7,366068.0
6679,E004696,6.9,0.0
6680,E004698,27.0,0.0
6682,E004699,28.3,1579467.9
6683,E004700,80.6,8809579.26
6685,E004701,22.7,526131.21
6688,E004702,39.2,690413.9
6689,E004703,39.9,1785335.91
6691,E004705,43.4,5943228.83
6691,E004704,27.4,0.0
6694,E004706,18.5,0.0
6694,E004707,42.1,0.0
6696,E004708,35.1,5592832.06
6698,E004709,15.0,573399.91
6699,E004710,32.3,2954422.68
6701,E004712,39.8,2868852.88
6701,E004711,82.8,20280090.53
6703,E004713,43.7,563186.37
6703,E004715,26.3,2419580.36
6703,E004714,35.1,0.0
6705,E004716,10.2,0.0
6707,E004717,22.6,0.0
6708,E004718,49.2,0.0
6710,E004719,31.6,0.0
6711,E004720,7.7,0.0
6712,E004721,48.2,2709961.39
6713,E004722,58.7,2344056.37
6714,E004725,8.4,0.0
6714,E004723,12.3,0.0
6714,E004724,33.4,0.0
6715,E004726,24.6,1982035.81
6716,E004727,16.2,0.0
6716,E004728,18.1,0.0
6717,E004729,16.1,0.0
6717,E004730,62.7,20933131.92
6721,E004731,18.7,0.0
6722,E004732,50.6,2320113.4
6723,E004733,29.7,0.0
6727,E004734,19.4,913363.14
6728,E004735,39.1,862099.64
6731,E004736,60.9,0.0
6731,E004737,42.3,0.0
6733,E004738,44.4,785769.73
6734,E004739,15.7,3471019.86
6734,E004740,5.3,0.0
6735,E004741,137.4,44938961.27
6739,E004742,12.3,0.0
6739,E004743,95.4,16134317.99
6740,E004744,38.0,0.0
6742,E004745,23.3,0.0
6745,E004746,43.0,2184520.63
6748,E004748,38.6,0.0
6748,E004747,9.2,0.0
6756,E004749,13.9,0.0
6759,E004750,32.9,732216.53
6762,E004751,45.5,4697779.34
6764,E004752,36.3,928474.36
6765,E004753,23.0,0.0
6769,E004755,29.2,0.0
6769,E004754,34.2,7221719.71
6771,E004756,67.4,4394409.46
6772,E004757,25.5,569805.24
6774,E004758,46.7,878535.47
6776,E004759,131.9,11696518.38
6777,E004760,41.5,701722.47
6778,E004761,22.0,0.0
6779,E004763,20.7,0.0
6779,E004762,41.1,0.0
6781,E004764,14.9,0.0
6786,E004765,23.6,0.0
6788,E004766,21.0,0.0
6788,E004767,23.4,0.0
6789,E004768,61.3,2595420.29
6790,E004769,104.8,26707731.7
6791,E004770,61.8,38080957.83
6796,E004771,17.6,962469.11
6796,E004772,15.7,0.0
6797,E004773,12.1,0.0
6797,E004774,46.3,379631.27
6797,E004775,49.0,6512518.04
6798,E004777,29.0,0.0
6798,E004776,47.1,223904.16
6799,E004778,60.9,8714642.88
6802,E004779,55.3,0.0
6806,E004781,35.1,2249894.86
6806,E004780,56.9,0.0
6810,E004782,22.2,0.0
6811,E004783,33.8,680305.45
6812,E004784,23.0,0.0
6813,E004785,54.0,2653852.74
6817,E004787,49.1,17233381.57
6817,E004786,26.9,0.0
6820,E004788,36.3,3413723.09
6820,E004789,24.3,0.0
6821,E004790,33.8,0.0
6828,E004791,61.7,1968979.61
6829,E004792,33.4,414141.09
6832,E004793,20.9,7619734.66
6834,E004794,5.1,0.0
6835,E004795,22.7,0.0
6842,E004796,24.1,0.0
6843,E004797,8.4,0.0
6844,E004798,23.7,0.0
6845,E004801,27.3,1323978.13
6845,E004799,39.9,894246.53
6845,E004800,7.4,0.0
6848,E004802,29.9,0.0
6854,E004803,56.7,1434721.03
6857,E004808,19.3,806824.05
6857,E004804,18.7,0.0
6857,E004807,41.6,993042.18
6857,E004805,44.5,5036051.14
6857,E004806,24.3,4298104.67
6858,E004809,65.6,8035804.25
6861,E004812,58.1,4589322.59
6861,E004811,27.4,0.0
6861,E004810,27.7,0.0
6862,E004813,18.1,405846.35
6864,E004814,23.0,0.0
6865,E004815,57.2,0.0
6865,E004816,40.7,0.0
6868,E004817,17.9,774370.44
6869,E004818,34.8,1825945.95
6871,E004819,20.6,0.0
6871,E004820,44.0,2503325.75
6874,E004821,44.6,820723.07
6877,E004822,4.9,0.0
6877,E004823,5.6,0.0
6879,E004824,34.1,260041.31
6881,E004825,24.2,0.0
6883,E004826,7.5,0.0
6886,E004830,57.2,2417348.78
6886,E004829,39.9,771829.47
6886,E004828,36.6,7210036.01
6886,E004827,17.1,0.0
6887,E004831,60.6,3996878.12
6890,E004832,42.8,560735.35
6890,E004833,10.3,0.0
6891,E004835,17.4,0.0
6891,E004834,39.0,0.0
6893,E004837,34.8,0.0
6893,E004836,26.0,3953522.4
6893,E004838,29.7,0.0
6894,E004839,3.4,0.0
6899,E004840,19.8,0.0
6900,E004842,31.8,316743.79
6900,E004841,67.5,380517.96
6902,E004843,17.2,0.0
6904,E004844,5.9,0.0
6906,E004845,34.9,386850.67
6907,E004846,18.5,507669.52
6909,E004847,32.4,913161.97
6909,E004848,68.5,1374512.78
6910,E004849,45.4,40561187.47
6911,E004850,38.4,16676397.96
6919,E004851,79.0,5117807.64
6920,E004852,19.4,0.0
6920,E004853,41.7,1983143.24
6922,E004854,50.8,2480193.25
6922,E004855,24.1,0.0
6923,E004856,66.2,1682095.23
6925,E004857,42.8,0.0
6925,E004858,12.3,0.0
6927,E004859,53.9,1405077.18
6927,E004860,16.3,0.0
6928,E004862,20.5,0.0
6928,E004861,27.0,2088757.59
6929,E004863,60.6,0.0
6941,E004864,14.1,373594.7
6941,E004865,8.5,0.0
6942,E004866,14.8,0.0
6944,E004868,29.1,0.0
6944,E004867,8.6,0.0
6946,E004869,16.4,0.0
6947,E004870,26.6,1683292.21
6948,E004871,35.4,0.0
6948,E004872,24.6,516600.38
6950,E004873,16.1,0.0
6951,E004874,25.7,9137319.06
6952,E004876,20.6,0.0
6952,E004875,8.9,0.0
6955,E004877,47.4,2522559.86
6957,E004880,27.9,724801.63
6957,E004878,39.1,0.0
6957,E004879,27.3,0.0
6958,E004882,23.5,1165494.46
6958,E004881,49.3,9814026.95
6959,E004883,29.4,764132.65
6960,E004884,28.6,0.0
6960,E004885,22.7,0.0
6962,E004886,22.3,0.0
6965,E004887,32.1,0.0
6966,E004888,12.2,0.0
6969,E004889,15.7,0.0
6970,E004890,26.0,0.0
6973,E004892,55.4,2951004.0
6973,E004891,13.7,0.0
6974,E004893,16.7,0.0
6974,E004894,38.6,5802460.69
6975,E004895,46.2,2100285.17
6976,E004896,18.0,0.0
6977,E004897,46.9,6300206.35
6978,E004898,17.2,0.0
6980,E004899,20.1,0.0
6986,E004900,8.1,0.0
6987,E004901,24.2,0.0
6987,E004902,22.9,6477425.93
6988,E004904,13.8,0.0
6988,E004903,42.9,3728442.0
6989,E004905,34.2,3684146.25
6990,E004906,13.0,0.0
6990,E004907,34.7,2234081.41
6991,E004908,65.1,3570927.8
6992,E004909,80.2,44439137.63
6995,E004910,51.9,0.0
6996,E004911,6.8,0.0
6997,E004912,35.8,0.0
7001,E004913,26.8,0.0
7002,E004914,53.2,438736.24
7002,E004915,9.1,0.0
7003,E004916,13.3,0.0
7004,E004917,52.1,591559.56
7005,E004919,43.2,975507.44
7005,E004918,84.6,5457728.43
7008,E004920,7.7,0.0
7010,E004921,32.4,0.0
7011,E004923,11.9,0.0
7011,E004922,51.0,3442554.7
7014,E004924,33.4,0.0
7016,E004925,8.0,0.0
7017,E004926,20.4,0.0
7026,E004927,30.4,0.0
7027,E004928,24.2,0.0
7030,E004929,14.3,0.0
7030,E004930,84.6,16148672.67
7031,E004931,23.4,0.0
7034,E004932,37.8,0.0
7036,E004933,26.2,0.0
7037,E004935,16.9,0.0
7037,E004934,19.7,401656.08
7039,E004936,31.1,581008.63
7040,E004937,53.1,8471000.51
7043,E004940,51.0,4302548.41
7043,E004938,33.3,2419729.32
7043,E004939,37.7,0.0
7045,E004942,70.7,14540680.61
7045,E004941,19.9,411000.84
7047,E004944,16.9,0.0
7047,E004943,19.3,0.0
7048,E004945,38.1,0.0
7049,E004946,36.7,858395.02
7051,E004947,26.8,0.0
7053,E004949,27.0,0.0
7053,E004948,25.8,733864.78
7055,E004950,23.5,2796683.08
7057,E004951,27.8,0.0
7059,E004952,5.8,0.0
7060,E004954,24.5,0.0
7060,E004953,33.6,2380183.79
7061,E004955,58.7,0.0
7063,E004956,24.6,
7065,E004957,22.8,429559.59
7066,E004958,92.7,16169489.3
7074,E004959,41.6,2541961.61
7074,E004960,18.5,0.0
7077,E004961,15.1,0.0
7079,E004962,43.2,0.0
7083,E004963,17.2,0.0
7084,E004964,47.4,22494967.09
7085,E004965,31.8,0.0
7086,E004966,35.8,2060461.56
7086,E004967,9.1,0.0
7088,E004968,20.0,0.0
7091,E004969,22.3,0.0
7091,E004970,24.6,0.0
7092,E004971,15.0,0.0
7092,E004972,73.1,10354952.94
7093,E004973,29.2,756413.42
7097,E004974,41.6,0.0
7097,E004975,26.9,366659.95
7097,E004976,19.2,0.0
7098,E004978,11.3,0.0
7098,E004977,50.6,0.0
7099,E004980,8.8,0.0
7099,E004979,38.5,0.0
7100,E004981,21.0,0.0
7102,E004982,24.3,2070095.81
7102,E004983,17.6,0.0
7103,E004984,8.8,0.0
7104,E004985,15.8,0.0
7105,E004986,16.0,0.0
7107,E004987,12.8,485708.78
7110,E004988,34.0,0.0
7114,E004989,22.8,0.0
7114,E004991,67.2,2576462.44
7114,E004990,36.2,0.0
7115,E004992,32.2,2595943.36
7115,E004993,44.5,0.0
7116,E004994,33.4,0.0
7117,E004995,15.4,794773.99
7118,E004996,30.4,0.0
7124,E004997,18.3,0.0
7126,E004998,24.2,0.0
7130,E004999,18.2,0.0
7131,E005000,14.3,465123.36
7131,E005001,6.3,0.0
7132,E005002,21.0,0.0
7132,E005003,19.5,0.0
7136,E005004,23.8,1403813.78
7137,E005005,23.1,0.0
7139,E005006,19.0,0.0
7139,E005007,44.1,255779.29
7140,E005008,22.8,0.0
7142,E005010,30.8,0.0
7142,E005009,52.8,1454200.28
7144,E005011,62.0,1923696.62
7145,E005012,11.2,0.0
7145,E005013,29.8,0.0
7145,E005014,29.7,1149087.91
7146,E005017,118.4,7684651.21
7146,E005016,60.2,4965643.56
7146,E005015,28.6,0.0
7147,E005018,7.8,0.0
7148,E005020,33.0,5889031.62
7148,E005019,28.5,2747981.76
7149,E005021,43.8,0.0
7152,E005022,36.8,0.0
7155,E005023,19.3,0.0
7157,E005026,8.3,0.0
7157,E005024,25.9,555012.7
7157,E005025,24.7,0.0
7159,E005027,13.0,0.0
7162,E005028,60.8,12709676.84
7166,E005029,25.0,0.0
7169,E005030,54.1,1107776.61
7170,E005031,69.7,21033941.33
7171,E005032,33.3,0.0
7171,E005033,52.0,21987234.1
7171,E005034,19.1,0.0
7172,E005035,19.0,0.0
7176,E005036,22.6,0.0
7176,E005039,27.9,0.0
7176,E005040,31.6,2358730.87
7176,E005037,36.4,776357.35
7176,E005038,30.6,2671802.97
7178,E005042,9.0,0.0
7178,E005041,8.3,0.0
7181,E005043,20.0,2504258.07
7183,E005044,35.9,0.0
7186,E005045,47.2,7557061.92
7187,E005046,37.8,1762981.35
7188,E005047,19.8,0.0
7189,E005048,25.2,0.0
7189,E005049,69.0,35043100.28
7190,E005050,45.1,1783143.41
7190,E005051,59.5,49734311.34
7191,E005052,56.8,0.0
7197,E005053,68.8,12574649.12
7199,E005055,29.5,0.0
7199,E005054,89.0,49259546.86
7200,E005056,42.1,2935104.03
7201,E005057,14.6,0.0
7203,E005058,83.1,6648240.93
7206,E005059,23.5,429285.83
7206,E005061,77.1,12995291.07
7206,E005060,25.4,0.0
7207,E005063,18.9,0.0
7207,E005062,92.2,19969834.29
7208,E005064,107.0,3185065.92
7208,E005065,20.2,0.0
7210,E005067,33.6,546671.59
7210,E005066,73.5,33550972.03
7211,E005068,67.4,9218550.52
7213,E005070,41.6,1705863.28
7213,E005069,69.7,1388575.17
7218,E005071,27.2,0.0
7219,E005072,59.8,1761385.73
7220,E005074,29.9,2617186.33
7220,E005073,102.7,24094605.53
7220,E005075,32.0,0.0
7223,E005076,51.7,279433.87
7225,E005077,70.1,1241654.72
7228,E005078,10.4,0.0
7228,E005079,16.2,1042579.04
7232,E005080,34.4,0.0
7233,E005081,35.2,932369.23
7234,E005082,18.3,0.0
7238,E005083,28.2,371046.75
7239,E005084,20.2,0.0
7241,E005085,17.1,0.0
7242,E005087,48.8,2647970.28
7242,E005086,11.7,0.0
7245,E005089,29.9,2361610.5
7245,E005088,14.5,0.0
7247,E005090,75.2,74719426.81
7248,E005091,9.7,0.0
7249,E005092,51.8,328394.88
7252,E005093,33.6,0.0
7253,E005095,22.1,0.0
7253,E005094,29.0,0.0
7254,E005096,,0.0
7255,E005097,23.1,0.0
7262,E005098,25.6,0.0
7265,E005099,71.1,234050.66
7265,E005100,17.1,0.0
7266,E005101,40.1,0.0
7268,E005102,40.1,0.0
7268,E005103,45.4,0.0
7270,E005105,33.0,2454700.09
7270,E005104,20.6,787164.96
7270,E005106,13.7,0.0
7271,E005107,38.2,1351285.02
7272,E005108,35.7,3685730.82
7273,E005109,48.9,2818097.74
7278,E005110,46.4,2542346.48
7278,E005111,36.8,11192167.58
7280,E005112,40.5,21154726.54
7285,E005113,29.5,0.0
7285,E005114,25.0,2111003.39
7286,E005115,59.0,0.0
7288,E005116,14.2,544789.42
7291,E005117,25.1,717616.38
7297,E005118,17.7,391842.52
7299,E005120,46.0,13322227.74
7299,E005119,85.0,18573076.02
7299,E005121,30.4,0.0
7301,E005122,69.5,839077.94
7301,E005123,13.3,0.0
7302,E005124,55.5,2571573.87
7305,E005127,22.3,0.0
7305,E005126,22.6,0.0
7305,E005125,51.2,11879096.51
7308,E005128,46.1,29628705.79
7312,E005129,76.9,4339897.24
7315,E005130,16.7,0.0
7318,E005131,49.9,2044863.38
7319,E005132,19.0,0.0
7320,E005133,37.7,0.0
7321,E005134,66.7,679094.2
7325,E005135,10.3,0.0
7326,E005136,34.5,2700196.86
7327,E005137,22.4,0.0
7330,E005138,42.5,9567203.29
7331,E005139,34.9,0.0
7331,E005140,25.2,0.0
7332,E005141,14.8,0.0
7332,E005142,42.7,1440124.46
7332,E005143,22.4,2749349.42
7333,E005144,35.4,0.0
7334,E005145,17.5,0.0
7335,E005148,21.6,1537847.46
7335,E005146,50.6,1853973.91
7335,E005147,7.2,0.0
7337,E005149,9.4,0.0
7339,E005150,18.0,0.0
7343,E005151,15.3,0.0
7345,E005152,39.8,1424738.58
7348,E005154,11.9,0.0
7348,E005155,67.0,276194.51
7348,E005153,33.0,3107440.42
7349,E005156,17.4,0.0
7350,E005157,15.9,0.0
7356,E005158,12.0,0.0
7356,E005159,14.4,0.0
7358,E005161,12.3,0.0
7358,E005160,99.3,47082986.79
7359,E005162,13.2,0.0
7362,E005163,33.7,324387.43
7366,E005164,35.3,4128935.77
7366,E005165,39.1,7122411.75
7367,E005166,31.5,0.0
7367,E005167,33.1,0.0
7368,E005168,80.4,49331486.83
7369,E005169,28.1,0.0
7371,E005170,95.2,18706766.37
7372,E005172,26.6,1769479.75
7372,E005171,68.9,10769185.98
7372,E005173,24.9,0.0
7374,E005174,46.8,0.0
7376,E005177,28.4,0.0
7376,E005175,20.8,841281.74
7376,E005176,69.1,0.0
7382,E005178,74.3,3681632.94
7383,E005179,27.1,7153659.67
7397,E005180,17.6,0.0
7398,E005181,11.9,0.0
7399,E005182,7.4,0.0
7401,E005185,15.4,0.0
7401,E005184,18.7,0.0
7401,E005183,11.4,0.0
7408,E005186,51.0,4987480.03
7410,E005187,42.7,963848.43
7412,E005189,10.5,0.0
7412,E005192,30.7,3804960.26
7412,E005191,11.2,0.0
7412,E005190,19.8,0.0
7412,E005188,15.9,0.0
7413,E005193,24.2,2729970.51
7415,E005195,61.7,9527920.6
7415,E005194,33.7,2910856.81
7415,E005196,42.6,595502.83
7417,E005197,25.3,0.0
7418,E005198,40.8,0.0
7419,E005200,65.5,16086904.57
7419,E005199,93.0,11762412.15
7421,E005201,54.3,0.0
7421,E005202,11.6,0.0
7423,E005203,39.9,256021.66
7424,E005204,15.4,0.0
7425,E005205,22.6,0.0
7427,E005206,31.9,1981831.6
7427,E005207,49.7,510591.67
7428,E005208,60.0,2533929.04
7429,E005209,47.8,4675421.16
7430,E005210,18.1,0.0
7434,E005211,6.4,0.0
7436,E005213,43.3,267081.48
7436,E005212,62.2,1715691.29
7438,E005214,13.3,578238.75
7439,E005215,55.3,3292690.27
7440,E005217,51.9,2030011.55
7440,E005216,19.3,0.0
7442,E005218,14.6,0.0
7444,E005219,35.8,1081583.62
7453,E005220,37.5,0.0
7455,E005221,14.9,0.0
7455,E005222,54.1,0.0
7455,E005223,9.3,0.0
7457,E005224,21.4,0.0
7467,E005225,40.6,0.0
7468,E005226,59.0,15297582.96
7470,E005229,13.5,0.0
7470,E005228,55.9,0.0
7470,E005227,67.5,3425749.81
7471,E005230,27.6,1530550.21
7471,E005231,55.3,1630001.43
7477,E005232,11.1,0.0
7480,E005233,68.6,20248272.52
7481,E005234,32.4,0.0
7482,E005235,120.3,51675102.27
7483,E005236,85.7,7522471.99
7485,E005238,41.4,0.0
7485,E005237,23.2,1425905.46
7486,E005239,26.2,456780.87
7486,E005241,24.3,0.0
7486,E005242,57.9,5886924.52
7486,E005240,11.3,0.0
7487,E005243,32.4,0.0
7487,E005244,56.2,0.0
7490,E005245,31.6,712868.35
7491,E005246,50.1,1406099.47
7495,E005247,7.2,0.0
7500,E005248,11.4,0.0
7501,E005249,10.3,0.0
7504,E005250,52.6,1184205.9
7505,E005251,25.9,0.0
7506,E005253,35.8,0.0
7506,E005252,22.2,0.0
7507,E005254,21.6,0.0
7509,E005255,62.5,8508686.86
7511,E005259,13.6,0.0
7511,E005260,41.6,0.0
7511,E005256,28.7,0.0
7511,E005258,40.3,201204.48
7511,E005257,27.2,0.0
7518,E005261,32.3,0.0
7521,E005263,44.0,0.0
7521,E005262,41.1,5283209.64
7521,E005264,56.3,0.0
7523,E005265,45.0,662718.25
7523,E005266,25.5,0.0
7526,E005267,6.5,0.0
7528,E005268,41.1,0.0
7529,E005269,65.4,1779545.12
7532,E005270,21.0,0.0
7533,E005273,32.4,0.0
7533,E005271,10.6,0.0
7533,E005272,29.6,1070144.81
7536,E005274,15.3,0.0
7539,E005277,27.6,691338.63
7539,E005275,5.3,0.0
7539,E005276,48.2,9774402.44
7541,E005278,48.5,3007442.08
7542,E005279,27.3,1043249.24
7543,E005280,9.5,0.0
7549,E005281,23.5,1695309.76
7551,E005282,39.8,0.0
7552,E005283,27.0,0.0
7553,E005284,69.8,1748812.13
7555,E005285,20.0,446146.22
7558,E005286,53.6,1570822.6
7560,E005288,43.5,1678322.51
7560,E005287,61.2,2073710.55
7561,E005289,77.0,7056424.86
7562,E005290,56.9,7618080.88
7563,E005291,12.3,0.0
7564,E005292,28.4,9036855.9
7564,E005293,59.4,18979729.82
7567,E005294,45.4,392697.26
7567,E005295,21.8,0.0
7569,E005296,50.7,4684221.2
7569,E005297,8.3,0.0
7572,E005298,42.3,5411734.93
7573,E005299,64.7,306645.26
7579,E005300,14.7,0.0
7579,E005301,34.9,2886149.2
7581,E005302,26.2,0.0
7585,E005303,46.5,1162751.32
7589,E005305,35.0,0.0
7589,E005304,15.6,0.0
7590,E005306,21.5,3322764.58
7591,E005307,43.3,1491327.95
7592,E005308,8.7,0.0
7593,E005309,29.4,0.0
7598,E005310,11.1,0.0
7600,E005311,38.1,14651343.47
7606,E005312,53.8,387187.43
7609,E005313,25.5,1352411.46
7609,E005314,46.9,4905242.94
7611,E005315,19.4,0.0
7612,E005316,38.7,0.0
7616,E005317,17.8,0.0
7618,E005318,35.4,0.0
7619,E005319,83.1,1369920.47
7620,E005320,70.0,3518184.31
7621,E005321,77.2,2286032.72
7622,E005323,16.0,926368.29
7622,E005322,72.6,4909278.94
7624,E005324,23.4,0.0
7624,E005325,33.7,2236481.27
7625,E005326,24.0,4530662.01
7627,E005327,27.5,0.0
7630,E005328,38.3,20174503.17
7632,E005329,24.8,0.0
7632,E005330,20.8,914830.46
7635,E005331,36.9,0.0
7636,E005332,42.9,904164.04
7639,E005333,38.0,0.0
7640,E005335,32.7,0.0
7640,E005334,28.9,424026.84
7643,E005336,49.8,3840661.44
7646,E005337,33.5,0.0
7648,E005338,25.9,367907.43
7649,E005339,41.5,3180195.91
7651,E005341,43.5,9668798.22
7651,E005340,70.7,18248859.9
7652,E005342,19.3,0.0
7653,E005345,33.7,0.0
7653,E005343,21.0,0.0
7653,E005344,30.0,0.0
7655,E005346,7.5,0.0
7657,E005347,15.0,0.0
7658,E005348,30.1,3697723.97
7659,E005349,57.2,0.0
7663,E005350,25.5,0.0
7663,E005352,93.5,2771818.52
7663,E005351,44.1,7003126.37
7664,E005353,20.9,0.0
7666,E005354,109.8,15775270.26
7666,E005355,41.5,2366305.57
7668,E005357,25.8,0.0
7668,E005356,83.7,71294447.19
7669,E005359,14.3,0.0
7669,E005358,39.6,0.0
7672,E005360,8.4,0.0
7673,E005361,37.9,0.0
7676,E005362,45.8,3971545.85
7678,E005363,28.5,0.0
7680,E005365,81.0,10280236.04
7680,E005364,27.1,0.0
7681,E005366,61.7,0.0
7691,E005367,38.7,5391178.35
7692,E005368,53.9,0.0
7693,E005369,10.5,0.0
7697,E005371,19.3,0.0
7697,E005370,27.2,779809.17
7699,E005372,19.3,0.0
7700,E005373,28.7,0.0
7701,E005374,153.1,19786473.56
7702,E005376,50.9,21032821.3
7702,E005375,18.6,0.0
7703,E005377,27.6,1875981.16
7706,E005378,32.9,3139333.89
7707,E005379,23.1,1580013.97
7708,E005380,52.9,230142.03
7708,E005381,95.4,25003418.83
7709,E005382,70.7,18591619.55
7710,E005383,32.6,0.0
7712,E005384,13.5,0.0
7712,E005385,76.2,22640378.52
7715,E005386,32.7,0.0
7716,E005387,15.7,0.0
7718,E005388,47.3,0.0
7726,E005390,46.7,2970907.74
7726,E005389,10.7,2637693.85
7727,E005391,18.5,0.0
7728,E005392,58.1,4006826.17
7731,E005393,19.2,0.0
7732,E005394,9.7,0.0
7734,E005395,49.2,1219972.47
7740,E005396,41.4,2929133.69
7741,E005397,34.9,0.0
7742,E005398,27.9,0.0
7746,E005399,21.8,578049.22
7749,E005400,11.9,0.0
7749,E005401,57.2,1075494.68
7754,E005402,41.0,1015885.4
7756,E005403,115.5,2582311.37
7758,E005404,11.5,0.0
7761,E005405,22.1,456434.49
7762,E005406,63.7,2210949.86
7762,E005407,26.7,0.0
7764,E005408,46.1,0.0
7765,E005409,30.7,3486120.63
7765,E005410,24.6,0.0
7766,E005411,42.3,1160558.58
7767,E005412,29.5,0.0
7768,E005413,32.7,2717071.62
7768,E005414,12.2,0.0
7772,E005415,40.4,0.0
7772,E005416,33.6,0.0
7774,E005417,48.3,0.0
7776,E005418,9.4,0.0
7783,E005419,48.0,0.0
7784,E005420,11.9,0.0
7786,E005421,28.4,0.0
7789,E005422,41.8,5375155.0
7791,E005423,15.6,0.0
7792,E005424,27.3,0.0
7795,E005425,36.5,0.0
7796,E005426,18.8,364232.99
7799,E005427,4.7,0.0
7800,E005428,12.6,0.0
7801,E005430,52.6,0.0
7801,E005429,65.6,27510871.4
7803,E005431,91.0,33384829.36
7806,E005433,38.9,1998910.1
7806,E005432,85.7,2962372.47
7812,E005434,35.0,573612.64
7813,E005435,69.5,4561878.45
7814,E005437,10.6,0.0
7814,E005436,26.8,0.0
7815,E005438,46.2,2416800.73
7818,E005439,26.3,0.0
7819,E005440,47.1,1881744.7
7820,E005441,72.2,12528589.11
7821,E005442,28.2,0.0
7822,E005443,21.0,0.0
7823,E005445,high,0.0
7823,E005444,51.6,9657051.79
7825,E005446,36.4,4907775.72
7826,E005447,23.6,509961.72
7827,E005448,31.7,676409.52
7828,E005449,38.8,0.0
7829,E005450,89.5,5154009.71
7831,E005451,23.3,0.0
7834,E005452,18.4,0.0
7834,E005454,14.9,0.0
7834,E005453,8.0,0.0
7836,E005455,40.8,0.0
7837,E005457,34.7,0.0
7837,E005458,46.1,4468750.51
7837,E005456,33.4,807470.61
7838,E005460,41.0,314781.82
7838,E005459,64.0,1819856.7
7839,E005462,23.9,0.0
7839,E005461,4.0,0.0
7842,E005463,60.7,16793040.47
7842,E005464,98.8,9569616.94
7843,E005465,9.3,0.0
7843,E005466,58.2,7792488.4
7845,E005467,82.8,1786869.08
7848,E005468,89.9,4993873.61
7850,E005469,35.2,834217.43
7852,E005470,44.7,0.0
7854,E005471,29.5,0.0
7854,E005472,33.9,6431637.53
7855,E005474,31.8,1146192.86
7855,E005475,16.2,915909.19
7855,E005473,62.9,7018184.18
7856,E005476,30.9,2762984.24
7857,E005478,127.4,3285749.42
7857,E005477,19.5,0.0
7860,E005479,37.2,2208704.84
7860,E005480,24.0,2161042.09
7862,E005482,30.0,0.0
7862,E005481,61.4,1446331.08
7863,E005483,15.3,359642.34
7865,E005484,37.7,6529272.39
7868,E005487,44.7,0.0
7868,E005488,13.0,0.0
7868,E005486,34.7,1355885.59
7868,E005485,26.9,0.0
7869,E005489,34.9,0.0
7871,E005491,29.3,0.0
7871,E005490,39.5,2727909.65
7872,E005492,35.0,24590464.26
7873,E005493,51.2,311267.12
7874,E005494,51.5,0.0
7877,E005495,10.2,470040.93
7877,E005496,30.6,3634474.55
7878,E005497,36.7,0.0
7879,E005498,32.2,3048581.51
7880,E005499,33.5,15497305.64
7881,E005500,27.2,0.0
7882,E005501,33.8,0.0
7886,E005502,39.6,1888384.1
7888,E005503,37.9,2214601.89
7889,E005505,31.1,3126473.59
7889,E005504,22.0,0.0
7890,E005506,46.3,10268526.58
7892,E005508,53.5,0.0
7892,E005507,37.3,0.0
7893,E005509,25.7,0.0
7894,E005510,19.4,664280.67
7895,E005511,38.2,746059.6
7899,E005512,38.0,11424502.73
7900,E005513,13.8,0.0
7900,E005515,51.3,875781.67
7900,E005514,34.3,813698.11
7901,E005516,44.4,1700705.66
7902,E005517,10.8,0.0
7902,E005518,44.0,328069.67
7902,E005519,21.8,0.0
7903,E005520,12.0,397597.02
7905,E005521,15.6,0.0
7906,E005522,29.4,0.0
7907,E005523,13.3,0.0
7908,E005524,38.6,2455454.96
7913,E005525,16.6,623132.51
7914,E005527,22.5,0.0
7914,E005526,139.5,51303436.41
7915,E005528,50.6,526954.33
7917,E005530,23.9,0.0
7917,E005529,37.0,3563165.62
7919,E005531,25.5,0.0
7920,E005532,14.5,625466.84
7920,E005533,19.5,0.0
7925,E005535,28.1,0.0
7925,E005534,42.2,2935005.98
7926,E005536,46.5,2854389.64
7928,E005538,38.0,0.0
7928,E005537,45.1,12064786.88
7929,E005539,29.1,1007066.77
7930,E005540,19.7,0.0
7934,E005541,29.1,0.0
7935,E005543,88.5,8637606.11
7935,E005542,17.8,0.0
7936,E005544,25.1,0.0
7938,E005545,30.9,0.0
7940,E005546,33.9,1034877.95
7942,E005547,59.9,559497.05
7942,E005548,35.7,928624.02
7943,E005550,21.1,0.0
7943,E005549,60.2,307826.27
7946,E005551,34.3,280389.68
7947,E005552,66.9,6737761.95
7947,E005553,65.1,11611701.82
7948,E005554,22.8,531874.19
7949,E005555,42.8,27299514.74
7950,E005556,19.8,0.0
7951,E005557,53.8,310625.92
7956,E005559,34.3,1329667.86
7956,E005558,39.3,1664954.07
7957,E005560,28.1,0.0
7957,E005561,15.6,0.0
7958,E005563,36.4,0.0
7958,E005562,35.4,0.0
7959,E005564,157.3,52908542.96
7960,E005565,13.3,380942.22
7963,E005566,55.9,4480886.43
7964,E005567,81.9,7599176.68
7970,E005568,62.9,7278965.89
7970,E005569,55.3,5169394.66
7971,E005570,62.6,2180999.23
7972,E005572,43.5,958410.89
7972,E005571,12.1,0.0
7974,E005573,21.2,7365038.26
7974,E005574,17.9,427995.15
7975,E005575,29.7,0.0
7976,E005576,37.7,7039360.65
7979,E005577,49.6,1352568.26
7980,E005578,12.7,0.0
7981,E005580,57.5,643812.36
7981,E005579,12.6,0.0
7982,E005581,9.5,0.0
7983,E005582,28.1,0.0
7985,E005583,99.1,6981219.56
7986,E005584,7.0,0.0
7988,E005586,35.5,0.0
7988,E005587,36.5,4180345.33
7988,E005585,22.6,0.0
7990,E005588,27.1,0.0
7993,E005589,62.1,7027178.7
7995,E005590,26.6,0.0
7996,E005591,40.7,0.0
7997,E005592,14.9,0.0
7998,E005593,74.7,6984730.98
7998,E005594,48.5,381383.35
8000,E005596,34.1,3540402.09
8000,E005595,7.7,0.0
8002,E005597,32.1,2712754.47
8002,E005598,52.7,5176916.85
8003,E005599,68.4,20351466.84
8004,E005600,71.2,22356791.92
8004,E005601,40.5,0.0
8006,E005602,43.8,976334.74
8007,E005603,27.3,0.0
8008,E005604,19.7,0.0
8013,E005605,45.7,6151180.28
8014,E005607,44.2,205410.75
8014,E005606,80.4,3357071.99
8016,E005608,52.7,5937014.93
8019,E005609,14.6,0.0
8020,E005610,62.1,4855640.79
8021,E005611,66.7,7829189.81
8022,E005612,54.9,261535.28
8022,E005613,15.4,0.0
8023,E005614,36.2,1925513.61
8023,E005616,50.2,21563096.12
8023,E005615,25.5,989470.09
8025,E005617,30.4,4026424.25
8026,E005619,15.7,0.0
8026,E005620,29.9,0.0
8026,E005618,22.0,0.0
8028,E005621,12.6,0.0
8029,E005623,88.2,6241951.93
8029,E005622,14.3,0.0
8031,E005624,12.3,0.0
8032,E005625,50.1,0.0
8035,E005626,35.2,2225326.23
8040,E005627,24.4,0.0
8042,E005628,11.8,0.0
8043,E005629,76.1,3391410.48
8045,E005630,53.9,0.0
8045,E005631,34.5,3999594.93
8046,E005632,16.7,0.0
8047,E005633,51.8,0.0
8048,E005634,14.3,0.0
8052,E005635,28.8,836700.82
8054,E005636,14.7,0.0
8055,E005637,15.5,0.0
8056,E005638,20.2,0.0
8058,E005639,21.3,0.0
8061,E005640,16.8,0.0
8065,E005641,36.6,0.0
8068,E005642,50.8,1503577.76
8069,E005643,5.4,0.0
8070,E005644,14.4,0.0
8071,E005645,50.9,865015.47
8073,E005647,29.5,0.0
8073,E005646,106.2,16889954.63
8075,E005648,52.2,6385058.97
8077,E005649,36.3,7744828.24
8080,E005650,9.5,0.0
8082,E005651,10.7,0.0
8089,E005653,19.3,0.0
8089,E005652,61.6,12577187.54
8090,E005654,,0.0
8093,E005655,36.3,2116828.77
8099,E005656,30.7,0.0
8099,E005658,33.9,0.0
8099,E005657,109.1,3788867.5
8100,E005659,39.6,3866173.66
8104,E005660,62.3,536042.91
8114,E005661,33.3,8263155.94
8116,E005662,79.2,6373865.05
8117,E005663,10.6,0.0
8120,E005665,42.9,2353105.84
8120,E005664,45.6,6677287.56
8123,E005666,49.0,23838650.26
8125,E005667,22.4,8961539.62
8127,E005670,32.2,3612468.89
8127,E005669,19.8,0.0
8127,E005668,40.0,251858.34
8128,E005671,17.9,774912.14
8129,E005672,37.4,8876284.94
8129,E005673,26.0,0.0
8132,E005674,70.2,7477421.86
8133,E005675,25.0,0.0
8134,E005676,33.5,1187931.35
8137,E005678,122.0,35776119.6
8137,E005677,45.6,11879213.3
8139,E005679,26.2,561544.85
8139,E005680,45.7,0.0
8140,E005681,30.0,378536.2
8142,E005683,19.8,0.0
8142,E005682,104.9,9104185.2
8143,E005684,18.2,0.0
8144,E005685,71.7,14873650.37
8147,E005686,16.5,0.0
8150,E005687,14.7,0.0
8152,E005688,61.0,17320941.48
8155,E005689,37.5,4318777.32
8156,E005690,25.3,0.0
8158,E005692,64.7,4059278.62
8158,E005691,60.2,197332.1
8159,E005693,25.5,3748587.13
8159,E005694,34.7,22584665.18
8160,E005695,42.7,13340921.48
8160,E005696,33.2,400984.22
8165,E005697,15.3,717302.2
8167,E005698,17.1,0.0
8168,E005699,34.8,0.0
8168,E005700,33.5,7651407.25
8170,E005701,31.0,0.0
8173,E005703,19.1,995273.64
8173,E005702,16.4,0.0
8176,E005705,15.8,0.0
8176,E005704,13.5,0.0
8177,E005706,9.2,0.0
8180,E005707,8.7,0.0
8181,E005708,106.3,20197201.85
8182,E005710,19.5,0.0
8182,E005709,31.1,0.0
8190,E005712,32.7,3580764.31
8190,E005713,39.1,381406.08
8190,E005711,17.2,0.0
8191,E005714,38.1,0.0
8192,E005715,41.7,0.0
8193,E005716,26.8,526971.98
8196,E005718,81.6,2908508.84
8196,E005717,25.6,0.0
8200,E005719,8.5,0.0
8201,E005722,34.6,0.0
8201,E005721,32.4,0.0
8201,E005720,47.4,1245647.86
8202,E005723,19.0,0.0
8205,E005726,22.5,0.0
8205,E005724,13.0,0.0
8205,E005725,38.7,0.0
8211,E005727,37.8,0.0
8211,E005728,32.5,3221228.26
8213,E005729,23.9,0.0
8214,E005730,44.0,3495194.01
8215,E005731,68.0,4078320.1
8219,E005732,21.0,0.0
8220,E005733,15.5,0.0
8221,E005734,20.2,0.0
8221,E005735,7.6,0.0
8226,E005737,15.6,0.0
8226,E005738,11.0,0.0
8226,E005736,19.7,0.0
8227,E005739,39.8,1049589.38
8227,E005740,42.9,821118.39
8229,E005741,66.5,16570312.05
8230,E005742,9.0,0.0
8232,E005743,33.1,0.0
8233,E005744,84.4,13573734.96
8235,E005745,59.9,0.0
8236,E005746,43.3,12192593.19
8236,E005747,18.3,643973.52
8242,E005748,62.0,2928447.81
8242,E005749,49.8,16553719.92
8244,E005751,61.6,1684956.87
8244,E005750,25.7,0.0
8245,E005753,28.4,0.0
8245,E005752,29.9,0.0
8246,E005754,37.5,3944955.45
8247,E005755,12.2,0.0
8254,E005756,21.1,0.0
8255,E005757,37.9,9204536.27
8255,E005758,18.5,651846.33
8257,E005759,27.9,3115592.2
8259,E005761,39.0,5549559.64
8259,E005762,38.8,0.0
8259,E005760,29.3,2095849.05
8260,E005764,68.5,8616980.43
8260,E005763,32.0,1608960.01
8260,E005765,31.1,7590255.41
8261,E005768,31.8,0.0
8261,E005766,33.5,3122242.67
8261,E005767,57.0,269383.56
8264,E005769,65.0,16666945.76
8266,E005771,43.6,3267962.55
8266,E005770,44.4,0.0
8267,E005772,17.3,0.0
8269,E005773,13.1,0.0
8270,E005774,12.0,0.0
8272,E005775,50.2,0.0
8278,E005776,19.9,0.0
8281,E005777,15.0,0.0
8283,E005778,41.5,5892021.65
8288,E005780,31.3,0.0
8288,E005779,34.8,4346255.06
8289,E005781,10.0,0.0
8290,E005782,36.0,0.0
8292,E005783,39.8,19779491.03
8294,E005784,37.2,14876882.37
8296,E005785,13.2,0.0
8300,E005786,59.2,2097927.22
8303,E005787,65.9,2919038.52
8307,E005788,30.9,0.0
8309,E005790,34.3,0.0
8309,E005791,99.4,23361314.3
8309,E005789,60.2,19558636.78
8310,E005792,19.1,0.0
8311,E005793,32.0,0.0
8312,E005794,98.5,24223893.92
8313,E005795,15.5,538589.38
8314,E005796,39.0,2788304.96
8315,E005797,20.8,0.0
8317,E005798,26.4,694581.85
8319,E005799,28.1,0.0
8320,E005800,25.5,0.0
8322,E005801,24.9,2941780.13
8325,E005802,33.0,0.0
8329,E005804,15.0,0.0
8329,E005803,8.3,0.0
8332,E005805,21.0,0.0
8333,E005806,23.3,0.0
8334,E005808,19.2,0.0
8334,E005807,20.2,509924.05
8335,E005809,20.8,0.0
8337,E005810,34.8,0.0
8338,E005812,44.6,1215672.2
8338,E005811,29.2,0.0
8339,E005813,18.4,0.0
8340,E005814,34.3,0.0
8340,E005815,15.8,0.0
8341,E005817,104.9,14237653.6
8341,E005816,33.0,0.0
8344,E005818,25.5,1917094.09
8347,E005819,26.4,2971458.8
8349,E005820,58.4,2633250.19
8349,E005821,19.8,0.0
8350,E005822,36.9,8464206.61
8356,E005823,29.1,4359195.63
8356,E005824,68.6,2865135.13
8356,E005825,65.3,42267891.4
8357,E005826,47.1,1405146.48
8359,E005827,39.6,4528404.59
8361,E005828,27.5,0.0
8361,E005829,10.3,0.0
8364,E005830,33.2,1831174.67
8365,E005831,20.4,524179.01
8368,E005832,102.5,12116433.03
8371,E005833,33.9,0.0
8372,E005834,44.5,7824140.01
8372,E005835,68.6,0.0
8373,E005836,10.6,0.0
8375,E005837,47.7,1343254.71
8375,E005840,20.7,484794.47
8375,E005839,25.8,0.0
8375,E005838,29.0,0.0
8376,E005841,11.8,0.0
8376,E005842,20.4,0.0
8376,E005843,48.6,1359419.77
8377,E005844,13.3,0.0
8377,E005845,39.3,0.0
8378,E005846,16.4,0.0
8380,E005847,39.0,8782003.55
8383,E005848,133.5,43802801.03
8385,E005850,30.7,0.0
8385,E005851,42.6,5466069.18
8385,E005849,29.6,0.0
8386,E005852,71.4,2836708.35
8388,E005853,58.7,6891825.92
8390,E005854,26.4,0.0
8391,E005855,26.1,0.0
8391,E005856,42.4,0.0
8393,E005857,52.8,294319.28
8395,E005858,20.4,2884522.58
8395,E005859,17.6,477653.96
8400,E005860,21.7,0.0
8402,E005862,40.3,0.0
8402,E005861,28.4,700912.17
8404,E005863,31.7,4216082.13
8404,E005864,12.6,
8405,E005865,15.4,590995.46
8406,E005867,17.2,0.0
8406,E005866,45.3,3484903.23
8407,E005868,44.9,0.0
8407,E005869,48.8,0.0
8411,E005870,50.9,4621249.44
8413,E005871,27.4,0.0
8414,E005874,18.6,0.0
8414,E005873,15.8,0.0
8414,E005875,24.6,372723.77
8414,E005872,22.3,0.0
8416,E005876,13.3,0.0
8419,E005877,34.5,0.0
8420,E005878,37.5,0.0
8421,E005879,23.8,883908.83
8423,E005880,94.8,46711876.75
8423,E005881,79.1,2730319.69
8423,E005882,36.0,1249347.63
8423,E005883,9.1,0.0
8430,E005884,26.0,0.0
8431,E005885,25.1,0.0
8431,E005886,47.7,1285212.11
8432,E005887,18.1,0.0
8433,E005889,59.4,9743310.77
8433,E005888,35.5,1504175.5
8434,E005890,45.9,7850371.58
8440,E005891,47.6,27773588.51
8441,E005892,15.4,1273751.17
8441,E005893,56.2,10319740.94
8444,E005894,61.6,8622152.66
8444,E005895,15.6,0.0
8445,E005897,19.5,0.0
8445,E005898,24.5,0.0
8445,E005896,27.7,0.0
8446,E005899,35.9,0.0
8447,E005900,10.8,0.0
8448,E005901,39.9,34272625.6
8450,E005903,28.9,987557.08
8450,E005904,30.5,1534011.69
8450,E005902,15.5,0.0
8453,E005905,25.4,0.0
8455,E005906,27.3,542294.84
8457,E005907,94.0,10186141.03
8462,E005910,60.8,394110.86
8462,E005908,33.1,0.0
8462,E005909,55.9,0.0
8465,E005911,20.9,1030936.41
8467,E005913,30.9,0.0
8467,E005912,53.4,236841.47
8472,E005915,25.1,2473693.64
8472,E005914,19.6,0.0
8473,E005916,38.8,1030294.43
8474,E005917,43.2,3663835.54
8476,E005918,22.7,0.0
8477,E005919,41.2,1487653.05
8480,E005920,40.1,1435213.64
8480,E005921,37.9,0.0
8481,E005922,13.0,0.0
8482,E005923,11.9,0.0
8484,E005924,30.6,2620288.96
8484,E005925,70.1,17756950.0
8492,E005926,14.3,0.0
8493,E005927,24.2,732124.51
8493,E005928,40.0,1641351.24
8494,E005929,32.0,0.0
8495,E005931,18.6,0.0
8495,E005930,49.2,9629518.32
8498,E005932,13.5,0.0
8498,E005933,50.8,7027523.0
8501,E005934,56.4,340020.56
8502,E005935,8.9,0.0
8502,E005937,68.6,2415252.63
8502,E005936,46.8,0.0
8504,E005938,15.5,0.0
8506,E005939,61.8,319082.85
8506,E005940,25.1,2641376.7
8510,E005941,47.3,1437803.03
8512,E005942,21.7,13477279.37
8515,E005943,46.0,5454998.78
8520,E005944,8.3,0.0
8523,E005945,41.9,0.0
8528,E005946,14.7,0.0
8528,E005947,32.2,0.0
8532,E005948,44.5,4720897.19
8534,E005949,44.2,228537.07
8535,E005950,11.0,552494.78
8536,E005951,30.9,2662455.09
8537,E005952,34.3,0.0
8539,E005954,38.0,0.0
8539,E005955,15.8,0.0
8539,E005953,22.8,0.0
8542,E005958,56.7,205299.41
8542,E005957,29.7,0.0
8542,E005956,58.2,11689569.92
8543,E005959,17.8,0.0
8543,E005960,50.2,11479227.45
8544,E005961,33.5,991336.46
8547,E005962,48.1,2597019.74
8547,E005963,40.5,0.0
8550,E005964,87.1,256354.06
8550,E005965,34.8,913314.62
8551,E005966,24.0,0.0
8556,E005967,50.7,213799.46
8558,E005968,77.0,4093517.71
8560,E005969,7.7,0.0
8563,E005970,63.5,7817429.49
8567,E005971,41.9,5849726.03
8568,E005972,20.6,0.0
8569,E005973,58.3,0.0
8570,E005974,21.0,0.0
8571,E005975,7.3,0.0
8573,E005976,41.2,1961964.38
8574,E005978,33.8,0.0
8574,E005977,12.4,0.0
8576,E005979,38.8,0.0
8578,E005980,43.1,15518499.09
8581,E005981,17.7,0.0
8585,E005982,32.3,1113744.41
8586,E005983,29.0,0.0
8587,E005984,15.4,0.0
8588,E005985,20.3,0.0
8590,E005986,27.9,0.0
8595,E005987,22.0,0.0
8599,E005989,23.9,0.0
8599,E005988,54.5,291969.83
8599,E005990,15.7,0.0
8600,E005991,21.5,0.0
8601,E005993,41.2,0.0
8601,E005992,106.5,48470062.52
8603,E005994,15.5,0.0
8606,E005997,23.1,1734058.97
8606,E005995,57.1,0.0
8606,E005996,28.8,0.0
8608,E005998,62.7,0.0
8611,E005999,75.1,29692615.11
8611,E006000,47.9,2166800.16
8611,E006001,46.1,2081202.51
8618,E006002,49.9,0.0
8619,E006004,34.3,0.0
8623,E006006,43.1,1538806.98
8623,E006005,47.5,4756805.14
8624,E006007,77.3,2723155.9
8625,E006009,17.8,0.0
8625,E006008,21.6,947009.29
8626,E006010,32.0,719174.63
8628,E006011,45.7,0.0
8629,E006012,23.6,0.0
8630,E006013,27.3,2645634.02
8632,E006014,19.9,501315.38
8633,E006015,84.2,6116312.58
8634,E006016,10.7,0.0
8635,E006017,25.4,0.0
8636,E006018,6.8,0.0
8636,E006019,35.1,0.0
8637,E006020,16.7,0.0
8638,E006021,41.1,0.0
8640,E006022,49.6,280683.69
8643,E006023,39.0,0.0
8644,E006024,39.1,1113288.62
8646,E006025,30.9,0.0
8648,E006026,76.0,17694249.33
8651,E006027,51.8,0.0
8652,E006028,71.1,13840697.1
8653,E006030,74.8,18968739.08
8653,E006029,31.3,0.0
8655,E006031,66.2,11702977.65
8655,E006032,28.9,0.0
8657,E006033,33.3,4152059.28
8657,E006034,16.7,2716070.32
8659,E006035,29.9,4438848.08
8660,E006037,29.6,2760734.95
8660,E006036,54.8,11410561.87
8661,E006038,85.6,5770477.34
8662,E006039,37.5,2025315.36
8663,E006041,60.5,9155973.75
8663,E006040,44.6,3430735.87
8664,E006043,39.2,0.0
8664,E006042,43.3,0.0
8664,E006044,23.1,0.0
8665,E006046,60.0,0.0
8665,E006045,8.5,0.0
8666,E006047,87.4,45634023.83
8667,E006048,48.7,6472857.46
8668,E006049,37.6,1056467.62
8671,E006051,25.7,0.0
8671,E006050,57.4,0.0
8671,E006052,46.1,0.0
8672,E006053,29.2,0.0
8674,E006054,61.9,8725589.93
8676,E006056,35.1,0.0
8676,E006055,17.1,0.0
8677,E006057,37.9,1999400.32
8678,E006060,20.1,9791157.77
8678,E006059,53.6,2953238.06
8678,E006058,43.5,1374556.73
8681,E006061,35.7,0.0
8682,E006063,30.3,0.0
8682,E006062,19.3,0.0
8683,E006064,37.4,5281808.34
8683,E006065,41.3,1860311.43
8683,E006066,49.3,259113.65
8686,E006067,25.9,1989883.3
8690,E006068,10.8,1253630.78
8691,E006069,40.4,11248961.9
8692,E006070,56.0,505145.73
8694,E006072,21.2,0.0
8694,E006071,57.3,2217582.12
8697,E006073,11.5,0.0
8699,E006074,30.9,1831337.51
8699,E006075,39.4,2434803.76
8700,E006076,32.0,793872.03
8701,E006077,25.3,537841.65
8701,E006078,27.4,2987649.63
8703,E006079,22.7,832870.18
8707,E006080,36.7,0.0
8708,E006081,67.3,7232427.03
8711,E006082,6.0,0.0
8711,E006083,49.1,5087098.72
8712,E006084,32.5,0.0
8713,E006086,30.5,0.0
8713,E006085,88.2,9404540.52
8717,E006087,42.5,2479081.03
8721,E006088,41.5,977805.94
8726,E006089,29.4,7009013.49
8728,E006091,23.1,0.0
8728,E006090,34.6,13699543.14
8729,E006093,22.6,0.0
8729,E006094,41.8,0.0
8729,E006092,32.4,0.0
8730,E006095,40.1,6862720.78
8734,E006097,32.5,671989.63
8734,E006096,46.2,196351.09
8735,E006098,17.4,0.0
8738,E006099,34.0,1710682.3
8740,E006100,35.5,0.0
8741,E006101,27.6,1424882.85
8745,E006103,84.9,27375509.43
8745,E006102,22.3,0.0
8747,E006104,26.3,674495.95
8751,E006105,23.3,0.0
8752,E006107,5.3,0.0
8752,E006106,25.3,0.0
8755,E006108,41.8,5905240.27
8757,E006110,32.3,1948154.66
8757,E006111,62.2,9597864.28
8757,E006109,27.4,0.0
8760,E006112,64.7,289714.92
8761,E006113,29.4,2084535.42
8762,E006114,13.8,0.0
8762,E006116,31.5,0.0
8762,E006115,11.6,0.0
8764,E006117,13.2,0.0
8765,E006118,30.3,0.0
8771,E006120,12.5,0.0
8771,E006119,56.6,0.0
8772,E006121,21.8,0.0
8772,E006122,51.4,1219032.01
8772,E006123,70.3,8749559.17
8773,E006124,46.8,0.0
8773,E006125,39.8,3673439.11
8774,E006126,17.4,474636.3
8775,E006127,75.8,7089224.96
8776,E006128,28.8,0.0
8776,E006129,17.2,0.0
8777,E006130,29.4,0.0
8781,E006132,35.7,1456903.78
8781,E006131,26.9,0.0
8782,E006133,45.5,0.0
8783,E006134,20.5,510989.5
8785,E006135,49.6,7858124.5
8786,E006136,33.3,0.0
8787,E006137,23.7,485452.32
8789,E006138,18.5,0.0
8789,E006140,51.0,981425.91
8789,E006139,23.5,846543.44
8791,E006141,8.0,551396.88
8791,E006142,51.8,22724661.63
8791,E006143,,1966091.73
8792,E006144,33.4,0.0
8792,E006145,15.5,0.0
8794,E006146,44.9,267317.03
8796,E006147,36.1,7378755.42
8797,E006148,29.8,0.0
8799,E006149,80.7,13638362.46
8800,E006150,15.1,0.0
8803,E006151,40.8,12918777.65
8804,E006152,23.2,0.0
8806,E006153,31.0,683021.86
8807,E006154,11.5,0.0
8809,E006155,22.1,0.0
8810,E006156,27.0,724057.47
8813,E006157,101.3,5427006.88
8814,E006158,28.5,1633924.57
8814,E006159,24.0,11526440.68
8815,E006161,31.3,0.0
8815,E006160,19.7,0.0
8817,E006162,16.1,0.0
8818,E006163,27.7,1950829.69
8820,E006165,69.0,27539712.21
8820,E006164,23.5,0.0
8820,E006166,34.9,0.0
8821,E006167,70.9,23221532.74
8821,E006168,28.2,796270.37
8822,E006169,39.2,33336514.44
8823,E006170,28.8,2454635.66
8827,E006171,81.1,13793389.9
8828,E006172,28.0,0.0
8828,E006173,8.6,0.0
8828,E006174,50.9,5247948.01
8830,E006175,49.4,1381271.47
8831,E006176,32.2,0.0
8832,E006179,115.8,38474516.72
8832,E006177,130.8,23925894.88
8832,E006178,26.2,0.0
8835,E006180,41.3,3297118.77
8840,E006181,38.3,8635364.8
8841,E006182,26.7,2438779.67
8845,E006183,10.5,0.0
8845,E006184,56.1,262612.64
8847,E006186,23.5,672581.63
8847,E006185,67.7,3093011.95
8848,E006187,53.2,9877713.44
8849,E006188,50.9,0.0
8849,E006189,21.8,477812.45
8851,E006191,20.3,13560707.85
8851,E006190,22.6,0.0
8853,E006192,15.0,0.0
8854,E006193,32.8,0.0
8855,E006195,18.0,0.0
8855,E006194,34.6,371461.47
8857,E006196,43.7,0.0
8858,E006197,63.1,3524119.69
8859,E006198,42.5,0.0
8860,E006199,44.9,0.0
8860,E006201,22.7,0.0
8860,E006200,23.7,0.0
8862,E006202,40.9,0.0
8863,E006204,81.4,7475183.05
8863,E006203,22.5,0.0
8867,E006206,47.7,0.0
8867,E006205,24.6,0.0
8868,E006207,90.4,2975267.05
8869,E006208,27.0,3039563.42
8870,E006209,24.9,0.0
8870,E006210,65.3,30375817.73
8873,E006211,28.3,0.0
8873,E006212,79.8,9226768.22
8874,E006213,32.6,0.0
8874,E006214,27.2,0.0
8875,E006216,35.4,1291538.45
8875,E006215,31.9,2273032.82
8876,E006219,15.2,0.0
8876,E006217,11.8,0.0
8876,E006218,38.7,4500322.2
8878,E006220,86.1,24505760.1
8881,E006221,41.8,5526265.6
8882,E006222,31.1,0.0
8885,E006223,28.3,588962.3
8886,E006224,93.5,1323887.76
8886,E006225,35.9,0.0
8887,E006226,7.0,0.0
8889,E006228,20.3,0.0
8889,E006227,36.0,0.0
8890,E006229,40.0,1306274.73
8891,E006230,32.1,0.0
8892,E006231,24.3,0.0
8895,E006232,104.4,12824725.37
8897,E006233,27.9,996359.74
8898,E006235,17.4,0.0
8898,E006234,17.7,0.0
8899,E006236,59.7,10872344.27
8905,E006237,18.3,0.0
8906,E006238,9.9,0.0
8907,E006239,38.2,2327995.43
8909,E006240,28.3,0.0
8912,E006242,34.0,1930624.62
8912,E006241,17.0,0.0
8913,E006243,78.9,2914742.86
8915,E006244,59.7,5710333.84
8919,E006245,50.3,4056891.94
8920,E006246,20.0,439056.78
8920,E006247,23.8,0.0
8921,E006248,56.0,2208223.8
8923,E006249,12.3,0.0
8923,E006250,50.8,19437929.07
8924,E006251,36.7,0.0
8926,E006252,104.5,52248986.3
8927,E006253,66.8,16046689.95
8927,E006254,42.3,0.0
8928,E006255,82.9,30855171.24
8928,E006256,25.7,0.0
8929,E006257,30.9,1686969.43
8930,E006258,22.0,0.0
8931,E006260,34.6,0.0
8931,E006259,14.9,0.0
8933,E006262,45.9,1716188.62
8933,E006261,21.3,0.0
8933,E006263,102.5,45160461.77
8934,E006264,52.1,1734273.46
8936,E006265,23.9,1016828.56
8936,E006267,21.1,0.0
8936,E006266,20.6,250770.58
8937,E006268,30.0,0.0
8938,E006269,24.6,0.0
8939,E006270,37.3,0.0
8940,E006271,11.5,0.0
8941,E006272,65.5,1098492.04
8944,E006273,64.5,3481797.33
8946,E006274,83.6,3975455.95
8947,E006275,26.3,2305581.63
8949,E006276,67.1,2430023.62
8951,E006277,8.0,0.0
8953,E006278,155.9,64887022.04
8956,E006279,41.5,0.0
8958,E006280,54.4,1732730.51
8958,E006281,24.5,0.0
8962,E006283,15.4,0.0
8962,E006283,15.4,0.0
8962,E006282,34.7,0.0
8963,E006284,18.5,815666.51
8963,E006285,24.0,0.0
8965,E006287,132.4,41653559.78
8965,E006286,72.8,733062.34
8966,E006288,54.8,0.0
8968,E006290,14.3,410169.03
8968,E006289,38.0,323640.85
8973,E006291,18.0,0.0
8973,E006292,52.5,549609.89
8974,E006293,24.8,0.0
8978,E006294,55.0,911679.59
8978,E006295,38.1,7683801.22
8980,E006296,65.0,5922295.53
8982,E006297,44.5,1118725.65
8983,E006300,44.8,625905.33
8983,E006298,58.2,27309953.83
8983,E006302,29.9,0.0
8983,E006299,45.4,941997.53
8983,E006301,81.5,16954140.13
8985,E006303,51.0,0.0
8986,E006304,40.2,215943.05
8987,E006306,53.1,2392329.67
8987,E006305,26.6,0.0
8988,E006307,20.6,0.0
8989,E006309,20.0,0.0
8989,E006308,81.9,72000304.78
8991,E006310,41.8,5750391.12
8992,E006311,60.1,2146586.1
8994,E006312,35.3,205061.63
8995,E006313,16.2,564096.2
8995,E006314,16.5,457298.84
9000,E006317,18.6,0.0
9000,E006316,37.9,0.0
9000,E006315,35.4,0.0
9001,E006319,23.8,0.0
9001,E006318,17.6,589548.21
9003,E006320,26.2,809744.04
9005,E006321,28.3,0.0
9008,E006322,59.4,225624.87
9009,E006323,20.5,1063174.94
9012,E006324,14.4,0.0
9014,E006325,26.8,0.0
9015,E006327,38.5,0.0
9015,E006326,30.1,0.0
9016,E006328,18.6,0.0
9019,E006329,60.1,3099763.7
9020,E006330,8.9,0.0
9022,E006331,14.8,358813.41
9023,E006332,46.2,0.0
9025,E006333,38.8,453383.93
9026,E006336,25.1,0.0
9026,E006335,55.1,0.0
9026,E006334,70.1,2012753.9
9028,E006337,22.3,742773.96
9034,E006338,21.6,0.0
9036,E006339,29.0,0.0
9037,E006340,31.1,0.0
9037,E006341,22.3,0.0
9039,E006342,29.4,0.0
9040,E006343,37.0,0.0
9043,E006344,22.0,819529.63
9045,E006345,36.6,359386.85
9045,E006346,21.6,0.0
9046,E006347,20.5,513540.55
9047,E006348,15.4,540484.21
9049,E006349,8.9,0.0
9050,E006350,107.8,47832142.05
9052,E006351,20.6,0.0
9053,E006352,57.1,
9056,E006353,13.3,2531075.73
9058,E006354,33.6,0.0
9059,E006355,46.2,2086570.34
9059,E006356,23.9,1443744.25
9060,E006357,14.2,876402.5
9064,E006358,67.7,2224196.99
9066,E006359,34.7,0.0
9068,E006360,48.4,28420450.59
9068,E006361,21.0,645924.33
9068,E006362,15.5,0.0
9070,E006363,25.8,0.0
9074,E006364,61.2,13650131.84
9075,E006365,17.0,0.0
9075,E006366,41.6,863492.35
9076,E006367,12.3,0.0
9076,E006368,55.2,4250594.2
9077,E006369,23.6,7086016.66
9082,E006371,72.8,18040659.31
9082,E006370,24.6,779759.38
9087,E006373,55.3,2293228.41
9087,E006372,36.0,366539.0
9091,E006374,11.5,0.0
9093,E006375,65.7,8808841.61
9093,E006376,19.2,0.0
9094,E006377,34.9,1455259.87
9099,E006378,26.8,0.0
9100,E006379,13.1,693127.2
9101,E006381,39.0,2214959.8
9101,E006380,112.2,22256312.05
9104,E006382,40.9,224181.48
9104,E006383,26.6,1162624.09
9108,E006384,14.2,367818.75
9108,E006385,43.4,0.0
9109,E006387,53.1,967177.84
9109,E006386,38.6,0.0
9112,E006389,7.8,0.0
9112,E006388,31.7,0.0
9114,E006390,33.9,2743968.22
9115,E006391,7.2,0.0
9118,E006393,17.8,0.0
9118,E006392,32.1,1349751.94
9125,E006394,18.2,531813.21
9125,E006395,47.6,728415.05
9126,E006396,33.2,0.0
9128,E006397,58.5,12619368.23
9128,E006398,16.0,473315.54
9129,E006399,44.2,0.0
9129,E006400,47.4,1371433.49
9130,E006401,51.1,11087825.84
9133,E006402,35.3,687754.48
9137,E006403,32.7,0.0
9140,E006404,24.1,0.0
9143,E006405,22.2,717776.48
9147,E006406,21.1,0.0
9149,E006407,33.1,0.0
9150,E006408,53.6,0.0
9157,E006409,23.7,0.0
9160,E006410,25.4,0.0
9161,E006411,11.6,0.0
9163,E006412,61.4,2639239.84
9164,E006413,21.4,621477.57
9166,E006414,34.3,693294.72
9167,E006415,22.9,12285301.41
9167,E006416,45.9,8102256.7
9169,E006417,29.8,0.0
9172,E006418,45.3,0.0
9172,E006419,12.2,0.0
9173,E006420,35.6,309194.36
9178,E006421,17.1,2380670.79
9180,E006423,38.7,0.0
9180,E006422,39.1,7226478.5
9180,E006424,28.8,444208.37
9183,E006425,40.2,0.0
9185,E006426,46.7,4739302.75
9188,E006427,22.8,1094386.72
9189,E006428,68.9,1338218.51
9197,E006429,42.2,1822323.36
9198,E006430,8.3,0.0
9199,E006431,68.0,31784356.7
9200,E006432,38.0,2014068.29
9203,E006433,15.1,0.0
9204,E006434,21.9,0.0
9205,E006435,21.1,0.0
9206,E006437,24.4,0.0
9206,E006436,40.2,1445689.17
9207,E006438,37.1,0.0
9213,E006439,31.9,1642165.23
9214,E006441,94.4,1397283.08
9214,E006440,62.6,27730439.29
9216,E006442,24.4,0.0
9218,E006443,11.3,0.0
9219,E006445,19.9,541310.03
9219,E006444,38.4,493353.92
9222,E006447,11.0,0.0
9222,E006446,47.1,0.0
9222,E006448,57.1,8958487.6
9223,E006449,12.5,0.0
9223,E006450,39.5,337835.92
9224,E006451,15.6,0.0
9225,E006452,49.6,997347.26
9228,E006453,27.3,0.0
9230,E006454,46.0,445065.7
9233,E006455,28.7,0.0
9235,E006456,22.9,444214.75
9236,E006457,78.5,29648076.76
9237,E006458,21.2,1404366.11
9238,E006459,79.5,59324658.43
9239,E006461,9.0,0.0
9239,E006460,21.2,1553637.47
9242,E006462,83.3,21593035.51
9243,E006464,58.6,3921619.54
9243,E006463,23.7,0.0
9244,E006465,15.6,0.0
9248,E006466,68.2,447307.84
9252,E006467,39.2,0.0
9253,E006468,10.8,0.0
9259,E006469,42.9,392578.89
9260,E006471,14.9,399286.24
9260,E006470,34.2,445241.9
9260,E006472,21.2,0.0
9261,E006474,128.3,46676294.98
9261,E006473,29.2,0.0
9262,E006475,37.9,1429185.07
9263,E006476,17.3,0.0
9264,E006479,42.8,0.0
9264,E006478,37.7,1244667.14
9264,E006477,36.9,0.0
9266,E006480,27.0,0.0
9267,E006481,27.8,0.0
9269,E006482,19.3,0.0
9269,E006483,65.1,1977983.25
9270,E006484,44.8,529489.37
9272,E006485,27.2,1279972.15
9272,E006486,6.7,0.0
9278,E006487,41.0,0.0
9279,E006488,22.3,0.0
9280,E006489,47.7,12116396.25
9282,E006492,,981257.68
9282,E006490,44.6,2105008.44
9282,E006491,52.8,13409091.97
9283,E006493,22.3,1043777.17
9287,E006494,6.3,0.0
9288,E006495,10.0,0.0
9289,E006496,92.3,28312876.93
9290,E006497,36.0,3710657.51
9293,E006499,25.6,0.0
9293,E006500,21.5,0.0
9293,E006498,24.4,0.0
9294,E006501,33.6,2659733.43
9298,E006503,62.7,6058412.27
9298,E006502,45.9,6827136.5
9298,E006504,18.2,0.0
9300,E006505,42.0,16281434.32
9302,E006507,19.5,0.0
9302,E006508,27.9,0.0
9302,E006506,53.1,1968134.34
9309,E006509,22.8,835307.6
9312,E006510,12.3,0.0
9313,E006511,4.0,0.0
9314,E006512,2.9,0.0
9314,E006513,24.2,0.0
9315,E006514,62.9,9092269.51
9317,E006515,37.5,1499532.48
9321,E006517,18.2,466892.14
9321,E006516,17.1,1191267.9
9323,E006518,54.4,17233488.59
9323,E006519,26.5,0.0
9324,E006521,15.7,0.0
9324,E006520,27.3,0.0
9326,E006522,26.1,0.0
9327,E006523,19.4,0.0
9330,E006524,85.7,915287.65
9331,E006525,17.7,0.0
9333,E006526,22.5,0.0
9334,E006527,48.1,856567.79
9335,E006528,50.6,5020085.27
9335,E006530,77.3,29087585.49
9335,E006529,13.7,1205185.68
9337,E006531,65.5,14646625.42
9338,E006532,80.1,27709523.91
9343,E006533,46.0,5067521.84
9347,E006534,12.4,0.0
9348,E006535,82.7,7587920.74
9351,E006536,42.9,522783.02
9355,E006537,31.6,412013.59
9356,E006538,25.1,1177460.62
9357,E006539,47.2,3218255.75
9362,E006540,17.9,1251492.78
9363,E006541,50.5,0.0
9364,E006542,7.8,0.0
9365,E006543,27.7,0.0
9367,E006544,35.9,471009.47
9368,E006545,34.4,1273715.57
9369,E006547,28.4,0.0
9369,E006546,17.2,0.0
9370,E006549,59.0,22910361.14
9370,E006548,35.1,203170.88
9370,E006550,35.5,311869.09
9371,E006551,37.3,2427846.1
9372,E006552,20.7,0.0
9373,E006553,18.8,0.0
9376,E006554,27.8,0.0
9377,E006555,38.0,0.0
9381,E006556,31.0,0.0
9383,E006557,41.4,5821642.17
9389,E006559,77.1,5971493.09
9389,E006558,31.7,0.0
9392,E006560,46.5,1996177.42
9393,E006561,31.4,0.0
9395,E006562,30.1,0.0
9396,E006563,62.1,1428065.57
9399,E006565,41.1,3456526.79
9399,E006564,68.3,3923842.12
9399,E006566,25.4,0.0
9400,E006567,18.9,0.0
9400,E006568,56.0,387008.81
9401,E006569,42.1,0.0
9403,E006570,47.9,673980.83
9409,E006571,24.0,0.0
9413,E006572,38.0,0.0
9414,E006573,54.7,2157076.56
9417,E006574,40.0,0.0
9419,E006575,14.8,1086222.1
9422,E006576,54.5,4579395.94
9423,E006577,13.1,0.0
9423,E006578,72.2,4011767.1
9424,E006579,32.9,0.0
9428,E006580,16.6,0.0
9428,E006581,34.8,0.0
9431,E006582,31.5,3397708.4
9431,E006583,21.9,0.0
9434,E006584,37.7,0.0
9437,E006585,39.7,723767.94
9437,E006586,57.6,9808037.36
9437,E006587,39.1,842992.56
9438,E006589,50.9,238763.7
9438,E006588,98.5,7571765.02
9440,E006590,21.8,998007.9
9443,E006591,31.8,0.0
9444,E006592,23.8,0.0
9444,E006593,61.9,3407365.31
9446,E006594,48.4,0.0
9447,E006595,18.3,461745.27
9447,E006596,57.8,528073.32
9448,E006597,53.2,1068751.55
9449,E006599,50.4,0.0
9449,E006598,20.3,0.0
9452,E006600,13.5,0.0
9453,E006602,52.9,8751154.58
9453,E006603,32.9,438625.83
9453,E006601,20.1,0.0
9457,E006604,37.7,0.0
9461,E006605,50.0,1110843.41
9463,E006607,13.1,0.0
9463,E006606,40.8,2125102.56
9465,E006608,23.8,2656207.67
9466,E006609,44.5,0.0
9466,E006610,20.4,0.0
9467,E006611,24.4,1976296.27
9468,E006612,11.7,0.0
9471,E006613,34.1,0.0
9472,E006614,37.3,1752795.41
9474,E006615,36.7,0.0
9477,E006616,8.4,0.0
9478,E006617,23.3,0.0
9479,E006618,42.7,4489074.34
9481,E006619,73.0,1543376.19
9481,E006620,30.8,0.0
9490,E006621,56.6,8352660.28
9494,E006622,32.6,0.0
9494,E006623,21.4,0.0
9495,E006624,43.1,249985.83
9495,E006625,11.4,0.0
9498,E006627,20.3,1005043.6
9498,E006626,14.5,0.0
9502,E006629,12.0,0.0
9502,E006628,73.4,5102930.54
9503,E006630,14.2,681396.44
9503,E006631,28.1,0.0
9505,E006632,35.1,0.0
9507,E006633,33.0,0.0
9508,E006634,63.8,7710991.93
9508,E006636,64.9,0.0
9508,E006635,42.9,17803251.93
9510,E006638,32.5,1339893.18
9510,E006637,9.6,0.0
9511,E006639,50.7,4332132.64
9512,E006640,25.5,0.0
9514,E006641,23.9,0.0
9516,E006642,17.6,0.0
9518,E006643,18.4,0.0
9519,E006644,23.8,0.0
9521,E006645,34.2,12018921.53
9522,E006646,49.8,1662686.71
9522,E006647,13.6,387966.07
9523,E006648,63.3,0.0
9527,E006649,77.8,28102043.95
9528,E006650,27.7,0.0
9532,E006651,14.7,551593.24
9533,E006652,39.6,774341.92
9535,E006653,30.9,0.0
9536,E006654,6.1,0.0
9537,E006655,61.2,1267421.49
9543,E006656,55.8,1376679.42
9546,E006657,25.1,0.0
9547,E006658,21.4,0.0
9548,E006659,39.2,619630.92
9549,E006662,18.8,0.0
9549,E006661,10.5,533195.38
9549,E006660,44.8,0.0
9550,E006663,38.7,1034493.05
9553,E006664,21.9,0.0
9554,E006665,29.8,0.0
9555,E006666,58.6,16335638.85
9556,E006667,23.8,0.0
9561,E006668,10.2,0.0
9562,E006670,26.5,0.0
9562,E006669,35.9,0.0
9563,E006671,43.3,0.0
9563,E006673,45.2,19465362.4
9563,E006672,31.8,0.0
9564,E006674,17.0,0.0
9569,E006676,44.9,0.0
9569,E006675,26.4,0.0
9571,E006677,56.1,39187738.6
9575,E006678,42.0,11209894.34
9576,E006679,28.5,0.0
9578,E006680,31.2,0.0
9579,E006681,15.1,856902.35
9582,E006682,32.0,0.0
9585,E006683,13.3,0.0
9587,E006685,17.7,0.0
9587,E006687,49.9,3239853.83
9587,E006686,37.6,0.0
9587,E006688,17.8,0.0
9587,E006684,73.7,1242767.03
9588,E006689,28.1,1490239.18
9588,E006690,16.4,0.0
9589,E006691,25.7,0.0
9589,E006692,26.3,0.0
9590,E006693,19.0,0.0
9592,E006694,16.7,0.0
9592,E006695,48.4,0.0
9594,E006697,11.4,481893.07
9594,E006696,23.1,435773.51
9597,E006700,32.6,1329586.16
9597,E006698,40.0,1041632.17
9597,E006701,60.5,7913582.24
9597,E006699,21.7,0.0
9598,E006703,32.9,826255.78
9598,E006704,89.6,9251855.69
9598,E006702,6.8,0.0
9599,E006705,23.8,1350230.42
9602,E006707,23.2,0.0
9602,E006706,33.7,299412.49
9603,E006708,30.0,5188664.3
9603,E006709,108.4,3110508.9
9604,E006710,17.6,452876.46
9606,E006711,27.4,0.0
9606,E006712,61.3,59769944.7
9609,E006715,72.8,1826900.38
9609,E006714,33.4,2469590.4
9609,E006713,24.3,0.0
9610,E006716,17.0,0.0
9612,E006718,41.3,5639607.66
9612,E006717,48.4,6685411.37
9613,E006719,19.8,0.0
9613,E006720,69.3,1409162.86
9614,E006721,22.0,583591.06
9615,E006722,85.0,23854608.38
9616,E006723,27.4,0.0
9617,E006724,68.5,5725345.61
9618,E006725,51.0,3030671.61
9619,E006726,28.8,0.0
9620,E006727,23.5,0.0
9621,E006728,47.5,3945863.37
9621,E006729,5.1,0.0
9623,E006731,17.6,0.0
9623,E006730,13.7,0.0
9624,E006732,21.7,4076233.57
9625,E006733,30.4,0.0
9626,E006734,17.9,0.0
9627,E006736,20.8,0.0
9627,E006735,22.4,0.0
9627,E006737,37.6,16744956.2
9628,E006738,46.5,6222232.27
9631,E006739,36.2,7359797.26
9631,E006740,90.1,91240124.03
9632,E006741,25.2,0.0
9634,E006742,35.0,3025112.43
9636,E006743,16.1,0.0
9637,E006744,19.7,0.0
9642,E006745,46.7,3603138.42
9643,E006746,30.4,1469153.48
9645,E006747,52.4,5293057.17
9646,E006748,26.8,1741995.82
9646,E006749,8.8,0.0
9648,E006750,9.6,0.0
9651,E006751,6.7,0.0
9652,E006752,45.2,7678043.64
9655,E006753,19.8,908219.95
9659,E006754,40.6,9546573.4
9660,E006756,27.9,711863.47
9660,E006755,131.0,59165745.51
9661,E006757,9.6,0.0
9662,E006758,94.0,18012986.54
9663,E006759,35.0,3023728.41
9663,E006760,22.3,0.0
9665,E006763,28.2,1983530.86
9665,E006761,17.9,0.0
9665,E006762,34.9,0.0
9670,E006764,57.7,0.0
9673,E006765,26.3,0.0
9674,E006766,14.6,0.0
9677,E006767,22.3,0.0
9680,E006768,31.4,0.0
9680,E006769,28.6,0.0
9681,E006770,111.3,32490267.94
9682,E006771,,0.0
9683,E006772,34.2,0.0
9691,E006773,10.4,0.0
9694,E006774,23.0,0.0
9695,E006776,65.2,3885919.69
9695,E006775,41.3,17483746.73
9697,E006777,35.4,0.0
9699,E006778,51.9,471472.6
9701,E006779,52.4,27187434.95
9703,E006780,22.6,0.0
9704,E006782,51.8,0.0
9704,E006781,6.8,0.0
9705,E006784,45.3,1434371.78
9705,E006783,31.4,2564015.96
9707,E006785,16.1,0.0
9708,E006786,85.2,3128127.16
9709,E006788,43.7,0.0
9709,E006787,38.5,1902211.99
9712,E006789,20.3,750371.86
9713,E006790,14.8,0.0
9713,E006791,25.5,0.0
9715,E006793,27.6,0.0
9715,E006792,33.6,4601238.83
9718,E006795,19.3,681452.03
9718,E006794,23.8,6860107.55
9720,E006796,47.8,8812698.67
9723,E006797,24.6,1783260.37
9725,E006798,48.6,12707541.16
9727,E006799,16.9,714273.72
9727,E006800,19.3,0.0
9728,E006801,25.3,0.0
9730,E006802,35.5,3020496.3
9730,E006803,24.3,440965.32
9731,E006804,33.6,673611.7
9732,E006805,19.5,0.0
9733,E006806,9.3,0.0
9734,E006807,40.7,1397155.53
9737,E006808,18.5,0.0
9740,E006810,40.1,0.0
9740,E006809,53.0,11069502.76
9740,E006811,13.6,0.0
9743,E006812,100.1,467349.83
9744,E006813,155.0,24407230.82
9745,E006815,32.0,1043621.94
9745,E006814,30.8,0.0
9747,E006816,40.4,1980306.66
9749,E006818,63.5,1340423.77
9749,E006817,45.7,4613705.11
9760,E006819,15.8,0.0
9760,E006820,57.3,599871.16
9761,E006821,61.6,25641579.59
9762,E006822,44.3,1260952.4
9763,E006823,25.9,0.0
9765,E006824,53.9,308946.75
9765,E006825,35.3,715218.97
9766,E006826,68.0,11941742.29
9770,E006827,23.9,0.0
9771,E006828,76.3,1697753.82
9771,E006829,19.4,0.0
9774,E006830,24.4,677778.94
9775,E006831,19.9,540897.59
9779,E006832,8.2,0.0
9781,E006833,114.1,8015624.49
9783,E006834,18.7,0.0
9785,E006837,21.0,0.0
9785,E006836,21.6,1685854.53
9785,E006835,57.1,3135104.08
9785,E006838,26.3,0.0
9787,E006839,36.6,0.0
9790,E006840,24.2,0.0
9793,E006841,12.4,0.0
9794,E006842,51.0,35366558.15
9796,E006843,70.5,722106.91
9797,E006845,40.4,5044503.98
9797,E006844,70.1,2500840.65
9798,E006846,35.0,1943249.56
9799,E006847,12.4,0.0
9799,E006848,27.5,0.0
9799,E006849,7.4,0.0
9800,E006850,22.1,0.0
9803,E006851,38.1,284874.41
9804,E006852,95.6,21329213.26
9805,E006854,28.8,0.0
9805,E006853,11.1,0.0
9807,E006855,25.9,0.0
9807,E006857,37.7,0.0
9807,E006856,21.7,0.0
9810,E006858,28.1,2068449.3
9813,E006859,27.5,0.0
9814,E006861,34.6,925169.91
9814,E006860,48.0,21366567.67
9818,E006862,43.8,0.0
9820,E006863,56.9,15526963.7
9821,E006864,74.9,4035711.75
9822,E006866,35.1,2900468.67
9822,E006865,50.3,742185.17
9825,E006868,23.5,1581408.34
9825,E006867,43.4,0.0
9826,E006869,51.6,2352350.13
9827,E006870,41.2,2811143.11
9828,E006871,24.4,0.0
9830,E006872,11.9,0.0
9832,E006873,13.5,0.0
9836,E006874,72.3,1154343.75
9836,E006875,15.2,0.0
9838,E006876,59.5,0.0
9840,E006877,37.8,0.0
9843,E006878,32.0,0.0
9846,E006879,51.9,235398.01
9846,E006880,31.9,1982905.05
9848,E006882,37.1,0.0
9848,E006881,17.4,0.0
9858,E006883,71.5,41851980.8
9859,E006885,45.7,4697117.7
9859,E006884,30.5,0.0
9860,E006886,24.0,0.0
9862,E006887,47.0,768428.13
9862,E006888,16.9,642840.61
9865,E006889,33.2,0.0
9866,E006891,32.4,745678.11
9866,E006890,23.8,0.0
9867,E006892,23.2,0.0
9871,E006894,88.7,308913.63
9871,E006893,22.1,988475.64
9872,E006896,22.1,557569.1
9872,E006895,21.1,0.0
9876,E006897,26.1,0.0
9879,E006898,33.6,3975031.67
9880,E006899,41.4,355337.35
9880,E006900,18.3,0.0
9881,E006901,42.3,0.0
9881,E006902,35.9,3576456.95
9883,E006904,22.5,0.0
9883,E006903,76.8,11520956.33
9883,E006905,17.0,0.0
9884,E006906,9.5,0.0
9885,E006907,20.1,0.0
9886,E006908,53.1,1541357.72
9887,E006909,33.5,2729477.76
9888,E006910,35.7,0.0
9889,E006911,29.0,323836.88
9891,E006912,26.1,3612722.75
9892,E006913,17.3,0.0
9894,E006914,22.5,0.0
9895,E006915,21.4,0.0
9899,E006916,55.7,11760169.69
9901,E006917,32.5,2294640.07
9903,E006918,52.6,4574888.61
9903,E006920,4.6,0.0
9903,E006919,17.9,0.0
9905,E006921,34.8,0.0
9906,E006922,31.7,0.0
9910,E006923,10.7,459056.74
9914,E006924,11.9,0.0
9915,E006925,56.4,3753118.23
9919,E006926,82.1,40571055.9
9920,E006927,45.4,8484592.36
9921,E006928,17.1,0.0
9923,E006929,23.8,0.0
9930,E006930,47.7,11819812.14
9933,E006931,23.6,0.0
9935,E006932,24.2,2590535.77
9936,E006933,32.5,3020060.37
9937,E006934,41.6,6841028.67
9943,E006936,20.6,0.0
9943,E006935,26.3,0.0
9946,E006937,79.0,6012350.22
9948,E006938,46.2,7940339.43
9952,E006939,10.8,592766.15
9957,E006940,60.7,0.0
9958,E006941,28.3,1918095.21
9959,E006943,10.2,0.0
9959,E006942,12.9,0.0
9960,E006944,19.3,0.0
9963,E006945,66.0,2041468.95
9963,E006946,11.0,0.0
9964,E006947,54.0,2341670.53
9966,E006948,18.9,661851.96
9967,E006949,32.6,0.0
9968,E006951,50.9,5817342.12
9968,E006950,32.9,0.0
9969,E006952,19.2,0.0
9970,E006953,64.7,12542704.46
9975,E006954,23.9,0.0
9977,E006955,26.5,0.0
9977,E006956,43.2,3560983.53
9979,E006957,14.6,0.0
9981,E006959,20.5,0.0
9981,E006958,78.4,33703486.37
9982,E006961,49.2,0.0
9982,E006960,43.7,2527069.23
9983,E006962,22.4,0.0
9984,E006963,31.6,4583834.7
9989,E006965,68.4,32966498.52
9989,E006964,50.9,2879157.29
9990,E006966,39.5,0.0
9991,E006967,26.0,712547.14
9992,E006969,64.9,37736104.22
9992,E006968,66.1,10024359.28
9993,E006970,24.4,0.0
9996,E006974,14.5,0.0
9996,E006972,75.1,46729350.76
9996,E006973,12.8,0.0
9996,E006971,50.4,13571136.6
9996,E006975,26.3,2942010.21
9998,E006976,43.3,0.0
9999,E006977,50.9,12293493.63
10000,E006980,37.3,278732.89
10000,E006978,12.2,0.0
10000,E006979,31.1,0.0
99999,E006003,25.6,2962284.6
